{"stats":{"minecraft:mined":{"minecraft:stone_pressure_plate":1,"minecraft:dark_oak_leaves":57,"minecraft:sandstone":9,"minecraft:large_fern":3,"minecraft:hay_block":99,"minecraft:carrots":11,"minecraft:furnace":3,"minecraft:iron_ore":8,"vampirism:tent":2,"minecraft:bookshelf":4,"minecraft:potatoes":1,"minecraft:stone":32,"minecraft:oak_slab":2,"minecraft:cut_sandstone":8,"minecraft:glass_pane":1,"minecraft:orange_terracotta":1,"vampirism:tent_main":1,"minecraft:oak_fence":1,"minecraft:crafting_table":11,"minecraft:poppy":3,"minecraft:mushroom_stem":1,"minecraft:tall_grass":6,"minecraft:cobblestone":1,"minecraft:oak_planks":50,"minecraft:birch_log":5,"minecraft:wheat":15,"minecraft:birch_leaves":1,"minecraft:tnt":9,"minecraft:grass":30,"minecraft:oak_log":39,"minecraft:coal_ore":36,"minecraft:beetroots":1,"vampirism:fire_place":1,"minecraft:flower_pot":1,"minecraft:sand":4,"minecraft:red_mushroom_block":24,"minecraft:oak_leaves":7},"minecraft:broken":{"minecraft:stone_sword":1,"minecraft:stone_axe":1},"minecraft:crafted":{"minecraft:oak_planks":96,"minecraft:stone_shovel":2,"minecraft:tripwire_hook":2,"minecraft:furnace":1,"minecraft:cooked_mutton":6,"minecraft:iron_boots":1,"minecraft:stone_pickaxe":1,"minecraft:chest":2,"minecraft:stone_hoe":1,"minecraft:wheat":351,"minecraft:cooked_beef":4,"minecraft:crossbow":1,"sophisticatedbackpacks:backpack":2,"minecraft:crafting_table":3,"minecraft:wooden_pickaxe":1,"minecraft:iron_sword":1,"minecraft:birch_planks":16,"minecraft:stone_axe":1,"minecraft:bread":117,"minecraft:oak_boat":4,"minecraft:shield":2,"minecraft:stick":26,"minecraft:iron_ingot":9,"minecraft:wooden_axe":1,"minecraft:stone_sword":1,"minecraft:iron_leggings":1},"minecraft:custom":{"minecraft:mob_kills":57,"minecraft:interact_with_crafting_table":39,"minecraft:leave_game":5,"minecraft:time_since_death":197278,"minecraft:climb_one_cm":65,"minecraft:sprint_one_cm":205221,"minecraft:walk_one_cm":253057,"minecraft:damage_blocked_by_shield":3080,"minecraft:drop":26,"minecraft:sneak_time":711,"minecraft:walk_under_water_one_cm":19075,"minecraft:boat_one_cm":849334,"minecraft:jump":1321,"minecraft:walk_on_water_one_cm":17938,"minecraft:interact_with_furnace":12,"minecraft:play_one_minute":197278,"minecraft:sleep_in_bed":1,"minecraft:time_since_rest":128916,"minecraft:damage_taken":1003,"minecraft:damage_dealt":6327,"minecraft:swim_one_cm":15229,"minecraft:fly_one_cm":163587,"minecraft:open_chest":24,"minecraft:crouch_one_cm":1441,"minecraft:fall_one_cm":26407},"minecraft:dropped":{"minecraft:wheat_seeds":1,"minecraft:dark_oak_sapling":10,"minecraft:wooden_axe":3,"minecraft:cactus":1,"minecraft:lily_pad":19,"minecraft:stone_sword":2,"minecraft:birch_sapling":2,"minecraft:oak_planks":7,"sophisticatedbackpacks:backpack":1,"minecraft:poppy":1,"minecraft:shield":1,"minecraft:gunpowder":19,"minecraft:beef":1,"minecraft:stone_pickaxe":2,"minecraft:wooden_pickaxe":2,"minecraft:nautilus_shell":1},"minecraft:used":{"minecraft:stone_sword":129,"minecraft:shield":38,"minecraft:iron_sword":87,"minecraft:stone_hoe":74,"minecraft:wooden_axe":46,"vampirism:item_tent":2,"minecraft:grass_block":1,"minecraft:furnace":3,"minecraft:cooked_beef":5,"minecraft:cooked_mutton":6,"minecraft:stone_pickaxe":109,"minecraft:oak_planks":74,"minecraft:wooden_pickaxe":3,"minecraft:sandstone":1,"minecraft:sand":16,"minecraft:crafting_table":13,"minecraft:bread":8,"minecraft:stone_axe":126,"minecraft:cobblestone":4,"minecraft:oak_boat":4},"minecraft:picked_up":{"minecraft:wooden_axe":2,"minecraft:crafting_table":11,"minecraft:chicken":8,"minecraft:wooden_pickaxe":1,"minecraft:shield":1,"minecraft:string":7,"minecraft:beetroot":3,"minecraft:beef":56,"minecraft:poppy":2,"minecraft:birch_sapling":2,"minecraft:egg":3,"minecraft:furnace":3,"minecraft:dark_oak_sapling":15,"minecraft:stick":3,"minecraft:sandstone":9,"minecraft:oak_fence":1,"sophisticatedbackpacks:backpack":1,"minecraft:porkchop":13,"minecraft:carrot":11,"vampirism:amulet":2,"minecraft:stone_pressure_plate":1,"minecraft:tnt":9,"minecraft:stone_sword":2,"minecraft:arrow":1,"minecraft:rotten_flesh":10,"minecraft:beetroot_seeds":1,"minecraft:hay_block":97,"minecraft:mutton":11,"minecraft:cobblestone":38,"minecraft:white_wool":5,"minecraft:nautilus_shell":2,"minecraft:birch_log":4,"minecraft:cooked_beef":1,"minecraft:feather":5,"vampirism:item_tent":3,"minecraft:cut_sandstone":1,"minecraft:brown_wool":1,"minecraft:leather":31,"minecraft:red_mushroom":4,"minecraft:potato":2,"minecraft:lily_pad":19,"minecraft:oak_log":39,"minecraft:gunpowder":19,"minecraft:orange_terracotta":1,"minecraft:bone":2,"minecraft:apple":1,"minecraft:wheat_seeds":19,"minecraft:stone_pickaxe":2,"minecraft:iron_ore":9,"minecraft:oak_planks":93,"minecraft:book":12,"minecraft:oak_slab":1,"vampirism:fire_place":1,"minecraft:sand":16,"minecraft:grass_block":1,"minecraft:gray_wool":1,"minecraft:coal":35,"minecraft:ender_pearl":3},"minecraft:killed":{"vampirism:vampire":1,"minecraft:spider":3,"minecraft:chicken":8,"minecraft:drowned":2,"vampirism:villager_converted":1,"minecraft:pig":7,"minecraft:creeper":1,"minecraft:sheep":7,"minecraft:cow":27}},"DataVersion":2586}