{"stats":{"minecraft:dropped":{"minecraft:stone_sword":1,"minecraft:stone_pickaxe":3},"minecraft:killed":{"vampirism:vampire":1,"minecraft:creeper":1,"minecraft:skeleton":1,"minecraft:zombie":3},"minecraft:custom":{"minecraft:interact_with_furnace":14,"minecraft:mob_kills":7,"minecraft:interact_with_crafting_table":16,"minecraft:play_one_minute":76007,"minecraft:leave_game":6,"minecraft:time_since_death":2471,"minecraft:sleep_in_bed":9,"minecraft:climb_one_cm":451,"minecraft:time_since_rest":2271,"minecraft:sprint_one_cm":246753,"minecraft:damage_taken":2181,"minecraft:walk_one_cm":180443,"minecraft:damage_blocked_by_shield":1825,"minecraft:drop":4,"minecraft:damage_dealt":1835,"minecraft:swim_one_cm":24403,"minecraft:fly_one_cm":214864,"minecraft:open_chest":3,"minecraft:crouch_one_cm":482,"minecraft:deaths":7,"minecraft:sneak_time":235,"minecraft:walk_under_water_one_cm":9616,"minecraft:jump":1413,"minecraft:walk_on_water_one_cm":23613,"minecraft:fall_one_cm":41323},"minecraft:mined":{"minecraft:crafting_table":1,"minecraft:torch":1,"minecraft:grass_block":8,"minecraft:cobblestone":4,"minecraft:spruce_leaves":1,"minecraft:sugar_cane":10,"minecraft:large_fern":1,"minecraft:iron_ore":41,"minecraft:sweet_berry_bush":1,"minecraft:spruce_log":13,"minecraft:birch_leaves":1,"vampirism:tent":1,"minecraft:grass":2,"minecraft:oak_log":6,"minecraft:coal_ore":90,"minecraft:dirt":3,"minecraft:stone":24},"minecraft:used":{"minecraft:stone_pickaxe":29,"minecraft:wooden_pickaxe":16,"minecraft:shield":23,"minecraft:iron_sword":17,"minecraft:rotten_flesh":5,"minecraft:torch":13,"minecraft:dirt":7,"minecraft:mutton":2,"minecraft:crafting_table":2,"minecraft:snowball":18,"minecraft:oak_log":1,"vampirism:item_tent":1,"minecraft:apple":1,"minecraft:bread":3,"minecraft:iron_pickaxe":114,"minecraft:stone_axe":17,"minecraft:beef":2,"minecraft:sweet_berries":4,"minecraft:cooked_porkchop":3},"minecraft:picked_up":{"minecraft:crafting_table":1,"minecraft:iron_chestplate":3,"minecraft:cooked_beef":30,"vampirism:item_tent":1,"minecraft:salmon":42,"minecraft:wooden_pickaxe":3,"minecraft:potato":6,"minecraft:oak_log":6,"minecraft:shield":4,"minecraft:gunpowder":6,"minecraft:dirt":25,"minecraft:bone":2,"minecraft:apple":4,"minecraft:wheat_seeds":2,"minecraft:spruce_planks":108,"minecraft:iron_ingot":3,"minecraft:beef":100,"minecraft:stone_pickaxe":4,"minecraft:cooked_chicken":5,"minecraft:iron_ore":96,"minecraft:iron_pickaxe":4,"minecraft:sugar_cane":50,"minecraft:oak_planks":20,"minecraft:iron_sword":4,"minecraft:stick":78,"minecraft:cooked_porkchop":18,"minecraft:sweet_berries":3,"minecraft:torch":259,"minecraft:spruce_sapling":6,"minecraft:spruce_log":13,"minecraft:stone_sword":1,"minecraft:arrow":2,"minecraft:rotten_flesh":12,"minecraft:stone_axe":2,"minecraft:hay_block":1,"minecraft:mutton":23,"minecraft:coal":98,"minecraft:snowball":18,"minecraft:cobblestone":101},"minecraft:killed_by":{"vampirism:advanced_vampire":2,"minecraft:zombie":3},"minecraft:crafted":{"minecraft:cooked_beef":4,"minecraft:oak_planks":20,"minecraft:crafting_table":1,"minecraft:spruce_planks":52,"minecraft:wooden_pickaxe":1,"minecraft:iron_sword":1,"minecraft:stone_axe":1,"minecraft:bread":3,"minecraft:air":0,"minecraft:iron_chestplate":1,"minecraft:shield":1,"minecraft:stick":44,"minecraft:iron_ingot":15,"minecraft:iron_pickaxe":1,"minecraft:stone_pickaxe":1,"minecraft:torch":96,"minecraft:wheat":9}},"DataVersion":2586}