{"stats":{"minecraft:mined":{"minecraft:nether_gold_ore":1,"minecraft:stone_pressure_plate":1,"minecraft:white_bed":8,"minecraft:chiseled_polished_blackstone":1,"minecraft:acacia_log":15,"minecraft:grass_block":19,"minecraft:spruce_leaves":1,"vampirism:hunter_table":1,"minecraft:sandstone":21,"minecraft:spawner":1,"minecraft:polished_blackstone_bricks":4,"minecraft:large_fern":2,"minecraft:hay_block":16,"minecraft:furnace":1,"minecraft:iron_ore":82,"minecraft:chiseled_sandstone":1,"minecraft:andesite":2,"vampirism:tent":1,"minecraft:packed_ice":10,"minecraft:stone":136,"minecraft:orange_bed":3,"minecraft:cut_sandstone":1,"minecraft:acacia_leaves":2,"minecraft:brown_mushroom":3,"minecraft:orange_terracotta":1,"minecraft:crafting_table":5,"minecraft:torch":4,"minecraft:blast_furnace":1,"minecraft:poppy":1,"minecraft:melon":7,"minecraft:tall_grass":16,"minecraft:cobblestone":55,"minecraft:sugar_cane":13,"minecraft:wall_torch":1,"minecraft:diorite":10,"minecraft:gray_wool":1,"minecraft:wheat":58,"minecraft:sweet_berry_bush":1,"minecraft:spruce_log":13,"minecraft:birch_leaves":1,"minecraft:grass_path":1,"minecraft:grass":65,"minecraft:oak_log":17,"minecraft:coal_ore":148,"minecraft:sand":11,"minecraft:dirt":3,"minecraft:cobweb":33,"minecraft:netherrack":52,"minecraft:oak_leaves":2,"minecraft:fern":1,"minecraft:blackstone_stairs":1},"minecraft:broken":{"minecraft:shield":1},"minecraft:crafted":{"minecraft:oak_planks":40,"vampirism:injection_garlic":1,"vampirism:med_chair":1,"minecraft:glass_pane":16,"vampirism:injection_empty":1,"minecraft:glass":17,"minecraft:iron_axe":1,"minecraft:stone_pickaxe":1,"minecraft:chest":2,"vampirism:stake":2,"minecraft:spruce_boat":1,"sophisticatedbackpacks:iron_backpack":1,"minecraft:wheat":144,"minecraft:cooked_beef":18,"minecraft:glass_bottle":9,"minecraft:emerald":6,"minecraft:crafting_table":3,"minecraft:spruce_planks":52,"minecraft:wooden_pickaxe":1,"minecraft:iron_sword":1,"minecraft:stone_axe":1,"minecraft:bread":66,"minecraft:air":0,"minecraft:iron_chestplate":1,"minecraft:shield":1,"minecraft:stick":56,"minecraft:iron_ingot":60,"minecraft:iron_pickaxe":1,"minecraft:acacia_planks":44,"minecraft:torch":160},"minecraft:custom":{"minecraft:interact_with_anvil":1,"minecraft:mob_kills":133,"minecraft:interact_with_crafting_table":48,"minecraft:bell_ring":18,"minecraft:damage_dealt_resisted":20526,"minecraft:leave_game":13,"minecraft:time_since_death":13963,"minecraft:climb_one_cm":739,"minecraft:sprint_one_cm":885988,"minecraft:walk_one_cm":886715,"minecraft:damage_blocked_by_shield":4388,"minecraft:drop":114,"minecraft:damage_dealt_absorbed":80,"minecraft:talked_to_villager":8,"minecraft:deaths":12,"minecraft:sneak_time":7382,"minecraft:walk_under_water_one_cm":16208,"minecraft:boat_one_cm":200682,"minecraft:jump":4799,"minecraft:interact_with_blast_furnace":1,"minecraft:walk_on_water_one_cm":51216,"vampirism:win_village_capture":1,"minecraft:interact_with_furnace":49,"minecraft:traded_with_villager":6,"minecraft:play_one_minute":305269,"minecraft:sleep_in_bed":17,"minecraft:time_since_rest":13993,"minecraft:waystone_activated":3,"minecraft:damage_absorbed":39,"minecraft:open_enderchest":1,"minecraft:damage_taken":8357,"minecraft:damage_dealt":24523,"minecraft:player_kills":1,"minecraft:swim_one_cm":102846,"minecraft:fly_one_cm":876080,"minecraft:open_chest":47,"minecraft:crouch_one_cm":27313,"vampirism:defend_village":1,"minecraft:fall_one_cm":118375},"minecraft:killed_by":{"vampirism:advanced_vampire":3,"minecraft:creeper":1,"minecraft:zombie":3,"vampirism:vampire":2},"minecraft:dropped":{"arthas_rpg_arms:instant_repair_kit":2,"minecraft:enchanted_book":1,"minecraft:bread":85,"minecraft:iron_ingot":31,"minecraft:iron_sword":1,"minecraft:wheat_seeds":12,"minecraft:lapis_lazuli":6,"minecraft:glass_bottle":6,"minecraft:crafting_table":1,"arthas_rpg_arms:guardian_boots":2,"minecraft:feather":4,"minecraft:leather":2,"arthas_rpg_arms:guardian_leggings":2,"minecraft:leather_helmet":2,"minecraft:rail":14,"minecraft:golden_apple":1,"minecraft:dirt":2,"minecraft:gray_wool":1,"minecraft:torch":49,"minecraft:polished_blackstone_bricks":4,"minecraft:iron_pickaxe":1,"vampirism:ring":1,"minecraft:string":59,"minecraft:acacia_planks":15,"minecraft:bone":4,"minecraft:dandelion":1,"minecraft:chiseled_polished_blackstone":1,"arthas_rpg_arms:ebonite_sword":1,"minecraft:coarse_dirt":4,"minecraft:stone_sword":1,"vampirism:obi_belt":1,"vampirism:holy_water_bottle_enhanced":1,"vampirism:blood_bottle":1,"minecraft:glowstone_dust":4,"sophisticatedbackpacks:backpack":1,"arthas_rpg_arms:aetheric_scythe":1,"minecraft:azure_bluet":1,"vampiresneedumbrellas:white_iron_umbrella":1,"minecraft:gunpowder":2,"minecraft:leather_boots":1,"minecraft:chest":1,"minecraft:stone_pressure_plate":1,"minecraft:spider_eye":3,"minecraft:sandstone":1,"minecraft:iron_ore":10,"minecraft:arrow":5,"arthas_rpg_arms:ebonite_axe":1,"minecraft:stone_pickaxe":3,"minecraft:beef":6,"arthas_rpg_arms:crystal_heart":1},"minecraft:used":{"minecraft:acacia_log":2,"waystones:sandy_waystone":1,"minecraft:poppy":1,"minecraft:chest":2,"minecraft:spruce_planks":4,"minecraft:shield":46,"minecraft:iron_sword":86,"minecraft:netherrack":4,"minecraft:rotten_flesh":24,"minecraft:orange_bed":3,"minecraft:torch":109,"minecraft:dirt":24,"minecraft:mutton":5,"minecraft:carrot":17,"minecraft:snowball":18,"minecraft:spruce_boat":1,"vampirism:item_tent":1,"minecraft:iron_axe":39,"arthas_rpg_arms:ebonite_pickaxe":273,"minecraft:beef":5,"minecraft:sweet_berries":4,"minecraft:furnace":1,"minecraft:egg":1,"minecraft:cooked_beef":10,"minecraft:wheat_seeds":55,"minecraft:diorite":5,"minecraft:iron_ore":1,"minecraft:stone_pickaxe":29,"minecraft:wooden_pickaxe":16,"minecraft:golden_apple":1,"arthas_rpg_arms:life_leech":66,"minecraft:blast_furnace":1,"arthas_rpg_arms:ebonite_axe":201,"minecraft:crafting_table":7,"arthas_rpg_arms:aetheric_scythe":1,"vampirism:hunter_table":1,"minecraft:white_bed":8,"vampirism:stake":60,"minecraft:oak_log":1,"vampirism:hunter_axe_ultimate":4,"minecraft:apple":1,"minecraft:chiseled_sandstone":1,"minecraft:melon_slice":34,"minecraft:bread":14,"minecraft:iron_pickaxe":219,"minecraft:stone_axe":17,"minecraft:cobblestone":477,"minecraft:porkchop":1,"minecraft:cooked_porkchop":3,"arthas_rpg_arms:poisoned_blade":1,"vampirism:med_chair":1},"minecraft:picked_up":{"minecraft:iron_chestplate":7,"minecraft:coarse_dirt":4,"minecraft:crafting_table":6,"minecraft:wheat":59,"minecraft:azure_bluet":2,"minecraft:chicken":3,"arthas_rpg_arms:ring_of_stamina":1,"arthas_rpg_arms:crystal_heart":2,"arthas_rpg_arms:skywarp":2,"minecraft:brown_mushroom":2,"minecraft:wooden_pickaxe":3,"arthas_rpg_arms:slime_boots":1,"minecraft:enchanted_book":1,"minecraft:shield":5,"vampirism:hunter_coat_head_ultimate":3,"arthas_rpg_arms:ebonite_axe":2,"vampirism:holy_water_bottle_normal":2,"minecraft:string":65,"arthas_rpg_arms:guardian_leggings":2,"minecraft:iron_axe":3,"minecraft:iron_shovel":1,"minecraft:iron_leggings":4,"arthas_rpg_arms:the_axe_of_quiet":3,"arthas_rpg_arms:life_leech":2,"vampirism:obi_belt":1,"minecraft:gold_nugget":3,"minecraft:spruce_planks":108,"minecraft:beef":102,"minecraft:poppy":3,"minecraft:melon_slice":34,"minecraft:iron_pickaxe":8,"arthas_rpg_arms:soul_hunter_helmet":1,"minecraft:sugar_cane":59,"minecraft:chest":1,"minecraft:furnace":1,"minecraft:iron_boots":5,"arthas_rpg_arms:throwing_star":4,"minecraft:egg":2,"minecraft:stick":95,"minecraft:sandstone":9,"minecraft:acacia_fence":6,"minecraft:torch":357,"minecraft:acacia_log":13,"sophisticatedbackpacks:backpack":5,"arthas_rpg_arms:soul_hunter_boots":2,"minecraft:porkchop":1,"minecraft:polished_blackstone_bricks":4,"vampirism:holy_water_bottle_enhanced":10,"arthas_rpg_arms:spiked_shield":2,"vampirism:vampire_fang":6,"minecraft:diorite":9,"arthas_rpg_arms:soul_hunter_leggings":4,"minecraft:stone_pressure_plate":1,"arthas_rpg_arms:plated_steel_chestplate":1,"minecraft:orange_bed":3,"vampirism:hunter_table":3,"vampirism:blood_bottle":1,"arthas_rpg_arms:plated_steel_helmet":1,"minecraft:stone_sword":1,"minecraft:arrow":21,"minecraft:rotten_flesh":66,"arthas_rpg_arms:ebonite_pickaxe":1,"minecraft:hay_block":16,"arthas_rpg_arms:guardian_boots":1,"minecraft:mutton":30,"minecraft:rail":1,"minecraft:snowball":18,"minecraft:white_wool":7,"minecraft:cobblestone":725,"vampirism:vampire_blood_bottle":7,"minecraft:feather":4,"minecraft:cooked_beef":30,"vampirism:item_tent":1,"minecraft:salmon":42,"minecraft:leather":2,"minecraft:potato":6,"vampirism:stake":3,"waystones:sandy_waystone":1,"minecraft:oak_log":21,"minecraft:gunpowder":6,"arthas_rpg_arms:aetheric_scythe":1,"minecraft:lapis_lazuli":6,"arthas_rpg_arms:amethyst_crown_helmet":2,"minecraft:dirt":81,"minecraft:orange_terracotta":1,"arthas_rpg_arms:instant_repair_kit":2,"minecraft:leather_boots":1,"vampirism:soul_orb_vampire":9,"minecraft:bone":11,"minecraft:acacia_planks":3,"minecraft:apple":4,"minecraft:wheat_seeds":287,"minecraft:cobweb":11,"vampirism:item_garlic":23,"minecraft:cooked_chicken":5,"minecraft:iron_ingot":12,"minecraft:stone_pickaxe":4,"minecraft:iron_ore":160,"minecraft:glowstone_dust":8,"minecraft:acacia_sapling":2,"minecraft:iron_sword":6,"minecraft:oak_planks":28,"vampirism:pure_salt":4,"minecraft:chiseled_polished_blackstone":1,"minecraft:cooked_porkchop":18,"minecraft:sweet_berries":15,"vampirism:ring":2,"minecraft:dandelion":2,"minecraft:sand":11,"minecraft:blast_furnace":1,"minecraft:spruce_sapling":6,"sophisticatedbackpacks:iron_backpack":2,"minecraft:white_bed":10,"minecraft:spruce_log":13,"vampirism:hunter_axe_ultimate":3,"minecraft:chiseled_sandstone":1,"minecraft:spider_eye":5,"minecraft:leather_helmet":3,"vampiresneedumbrellas:white_iron_umbrella":2,"minecraft:spruce_boat":1,"minecraft:stone_axe":2,"arthas_rpg_arms:soul_hunter_chestplate":1,"minecraft:golden_apple":1,"minecraft:gray_wool":2,"minecraft:bread":38,"vampirism:vampire_orchid":4,"minecraft:oak_sapling":5,"minecraft:netherrack":37,"minecraft:coal":222,"minecraft:ender_pearl":1},"minecraft:killed":{"vampirism:vampire":10,"minecraft:cave_spider":3,"minecraft:witch":1,"vampirism:advanced_vampire":1,"minecraft:spider":12,"vampirism:blinding_bat":1,"minecraft:skeleton":10,"minecraft:husk":1,"minecraft:pig":1,"minecraft:zombie_villager":4,"minecraft:creeper":2,"minecraft:sheep":4,"minecraft:zombie":72,"minecraft:enderman":1,"minecraft:cow":1}},"DataVersion":2586}