{"stats":{"minecraft:mined":{"minecraft:grass":1,"minecraft:grass_block":2,"minecraft:oak_log":1},"minecraft:custom":{"minecraft:jump":63,"minecraft:damage_taken":20,"minecraft:time_since_rest":4535,"minecraft:leave_game":2,"minecraft:time_since_death":4535,"minecraft:play_one_minute":4535,"minecraft:sprint_one_cm":11274,"minecraft:walk_on_water_one_cm":884,"minecraft:walk_one_cm":10053,"minecraft:fall_one_cm":2160,"minecraft:fly_one_cm":8156},"minecraft:used":{"minecraft:oak_log":1,"minecraft:dirt":2},"minecraft:picked_up":{"minecraft:oak_log":1,"minecraft:dirt":2}},"DataVersion":2586}