{"stats":{"minecraft:dropped":{"minecraft:stone_pickaxe":3},"minecraft:killed":{"vampirism:vampire":1,"minecraft:creeper":1,"minecraft:skeleton":1,"minecraft:zombie":3},"minecraft:custom":{"minecraft:interact_with_furnace":12,"minecraft:mob_kills":7,"minecraft:interact_with_crafting_table":16,"minecraft:play_one_minute":58739,"minecraft:leave_game":5,"minecraft:time_since_death":5297,"minecraft:sleep_in_bed":7,"minecraft:climb_one_cm":451,"minecraft:time_since_rest":5328,"minecraft:sprint_one_cm":181569,"minecraft:damage_taken":1671,"minecraft:walk_one_cm":147743,"minecraft:damage_blocked_by_shield":1300,"minecraft:drop":3,"minecraft:damage_dealt":1525,"minecraft:swim_one_cm":24170,"minecraft:fly_one_cm":155713,"minecraft:open_chest":2,"minecraft:crouch_one_cm":482,"minecraft:deaths":5,"minecraft:sneak_time":235,"minecraft:walk_under_water_one_cm":9484,"minecraft:jump":1078,"minecraft:walk_on_water_one_cm":19553,"minecraft:fall_one_cm":28460},"minecraft:mined":{"minecraft:crafting_table":1,"minecraft:torch":1,"minecraft:grass_block":5,"minecraft:cobblestone":4,"minecraft:spruce_leaves":1,"minecraft:sugar_cane":10,"minecraft:large_fern":1,"minecraft:iron_ore":33,"minecraft:sweet_berry_bush":1,"minecraft:spruce_log":13,"vampirism:tent":1,"minecraft:grass":2,"minecraft:oak_log":6,"minecraft:coal_ore":78,"minecraft:dirt":2,"minecraft:stone":22},"minecraft:used":{"minecraft:stone_pickaxe":29,"minecraft:shield":16,"minecraft:wooden_pickaxe":16,"minecraft:iron_sword":12,"minecraft:rotten_flesh":4,"minecraft:torch":11,"minecraft:dirt":4,"minecraft:mutton":2,"minecraft:crafting_table":2,"minecraft:snowball":18,"minecraft:oak_log":1,"vampirism:item_tent":1,"minecraft:apple":1,"minecraft:bread":3,"minecraft:iron_pickaxe":92,"minecraft:stone_axe":17,"minecraft:sweet_berries":4,"minecraft:cooked_porkchop":3},"minecraft:picked_up":{"minecraft:iron_chestplate":1,"minecraft:crafting_table":1,"minecraft:cooked_beef":30,"vampirism:item_tent":1,"minecraft:salmon":28,"minecraft:wooden_pickaxe":3,"minecraft:potato":4,"minecraft:oak_log":6,"minecraft:shield":2,"minecraft:gunpowder":2,"minecraft:dirt":13,"minecraft:bone":2,"minecraft:apple":4,"minecraft:wheat_seeds":2,"minecraft:spruce_planks":64,"minecraft:beef":68,"minecraft:iron_ingot":3,"minecraft:stone_pickaxe":4,"minecraft:cooked_chicken":5,"minecraft:iron_ore":58,"minecraft:iron_pickaxe":2,"minecraft:sugar_cane":30,"minecraft:oak_planks":20,"minecraft:iron_sword":2,"minecraft:stick":52,"minecraft:cooked_porkchop":18,"minecraft:sweet_berries":3,"minecraft:torch":87,"minecraft:spruce_sapling":4,"minecraft:spruce_log":13,"minecraft:arrow":2,"minecraft:rotten_flesh":12,"minecraft:stone_axe":2,"minecraft:hay_block":1,"minecraft:mutton":23,"minecraft:coal":86,"minecraft:snowball":18,"minecraft:cobblestone":59},"minecraft:killed_by":{"vampirism:advanced_vampire":1,"minecraft:zombie":3},"minecraft:crafted":{"minecraft:oak_planks":20,"minecraft:crafting_table":1,"minecraft:spruce_planks":52,"minecraft:wooden_pickaxe":1,"minecraft:iron_sword":1,"minecraft:stone_axe":1,"minecraft:bread":3,"minecraft:air":0,"minecraft:iron_chestplate":1,"minecraft:shield":1,"minecraft:stick":44,"minecraft:iron_ingot":15,"minecraft:iron_pickaxe":1,"minecraft:stone_pickaxe":1,"minecraft:torch":96,"minecraft:wheat":9}},"DataVersion":2586}