{"stats":{"minecraft:killed":{"vampirism:vampire":7,"minecraft:cave_spider":3,"minecraft:skeleton":1,"minecraft:husk":1,"minecraft:pig":1,"minecraft:creeper":1,"minecraft:sheep":4,"minecraft:zombie":5,"minecraft:cow":1},"minecraft:custom":{"minecraft:mob_kills":25,"minecraft:interact_with_crafting_table":34,"minecraft:damage_dealt_resisted":142,"minecraft:leave_game":11,"minecraft:time_since_death":3752,"minecraft:climb_one_cm":739,"minecraft:sprint_one_cm":529526,"minecraft:walk_one_cm":442230,"minecraft:damage_blocked_by_shield":2805,"minecraft:drop":37,"minecraft:talked_to_villager":1,"minecraft:deaths":11,"minecraft:sneak_time":749,"minecraft:walk_under_water_one_cm":11385,"minecraft:boat_one_cm":151876,"minecraft:jump":2903,"minecraft:walk_on_water_one_cm":41955,"minecraft:interact_with_furnace":43,"minecraft:play_one_minute":179198,"minecraft:sleep_in_bed":15,"minecraft:time_since_rest":3828,"minecraft:open_enderchest":1,"minecraft:damage_taken":5909,"minecraft:damage_dealt":5088,"minecraft:player_kills":1,"minecraft:swim_one_cm":50760,"minecraft:fly_one_cm":480514,"minecraft:open_chest":12,"minecraft:crouch_one_cm":1305,"minecraft:fall_one_cm":98859},"minecraft:dropped":{"minecraft:iron_ingot":31,"minecraft:bread":15,"minecraft:iron_sword":1,"minecraft:wheat_seeds":1,"minecraft:lapis_lazuli":6,"minecraft:glass_bottle":6,"minecraft:crafting_table":1,"arthas_rpg_arms:guardian_boots":1,"minecraft:feather":4,"minecraft:leather":2,"minecraft:rail":14,"minecraft:golden_apple":1,"minecraft:torch":49,"minecraft:iron_pickaxe":1,"minecraft:string":55,"minecraft:stone_sword":1,"vampirism:obi_belt":1,"vampirism:holy_water_bottle_enhanced":1,"sophisticatedbackpacks:backpack":1,"minecraft:gunpowder":2,"minecraft:chest":1,"minecraft:spider_eye":3,"minecraft:iron_ore":10,"minecraft:stone_pickaxe":3,"minecraft:beef":6,"arthas_rpg_arms:crystal_heart":1},"minecraft:broken":{"minecraft:shield":1},"minecraft:used":{"minecraft:spruce_planks":4,"minecraft:shield":46,"minecraft:iron_sword":86,"minecraft:rotten_flesh":8,"minecraft:torch":40,"minecraft:dirt":12,"minecraft:mutton":5,"minecraft:snowball":18,"minecraft:spruce_boat":1,"vampirism:item_tent":1,"minecraft:iron_axe":8,"minecraft:beef":5,"minecraft:sweet_berries":4,"minecraft:furnace":1,"minecraft:egg":1,"minecraft:cooked_beef":10,"minecraft:diorite":4,"minecraft:iron_ore":1,"minecraft:stone_pickaxe":29,"minecraft:wooden_pickaxe":16,"arthas_rpg_arms:life_leech":3,"minecraft:crafting_table":5,"vampirism:hunter_table":1,"minecraft:white_bed":7,"vampirism:stake":39,"minecraft:oak_log":1,"vampirism:hunter_axe_ultimate":4,"minecraft:apple":1,"minecraft:bread":7,"minecraft:iron_pickaxe":181,"minecraft:stone_axe":17,"minecraft:porkchop":1,"minecraft:cooked_porkchop":3,"arthas_rpg_arms:poisoned_blade":1,"vampirism:med_chair":1},"minecraft:mined":{"minecraft:white_bed":8,"minecraft:grass_block":9,"minecraft:spruce_leaves":1,"vampirism:hunter_table":1,"minecraft:spawner":1,"minecraft:large_fern":2,"minecraft:furnace":1,"minecraft:iron_ore":58,"vampirism:tent":1,"minecraft:packed_ice":10,"minecraft:stone":44,"minecraft:brown_mushroom":3,"minecraft:crafting_table":5,"minecraft:torch":2,"minecraft:tall_grass":1,"minecraft:cobblestone":4,"minecraft:sugar_cane":13,"minecraft:diorite":9,"minecraft:wheat":1,"minecraft:sweet_berry_bush":1,"minecraft:spruce_log":13,"minecraft:birch_leaves":1,"minecraft:grass":3,"minecraft:oak_log":6,"minecraft:coal_ore":97,"minecraft:sand":10,"minecraft:dirt":3,"minecraft:cobweb":33,"minecraft:oak_leaves":1,"minecraft:fern":1},"minecraft:picked_up":{"minecraft:crafting_table":6,"minecraft:iron_chestplate":6,"minecraft:coarse_dirt":4,"minecraft:wheat":1,"minecraft:azure_bluet":1,"minecraft:chicken":3,"arthas_rpg_arms:ring_of_stamina":1,"arthas_rpg_arms:crystal_heart":1,"arthas_rpg_arms:skywarp":2,"minecraft:brown_mushroom":2,"minecraft:wooden_pickaxe":3,"minecraft:enchanted_book":1,"minecraft:shield":5,"vampirism:hunter_coat_head_ultimate":2,"vampirism:holy_water_bottle_normal":2,"minecraft:string":55,"minecraft:iron_axe":2,"minecraft:iron_leggings":3,"arthas_rpg_arms:the_axe_of_quiet":2,"arthas_rpg_arms:life_leech":1,"vampirism:obi_belt":1,"minecraft:spruce_planks":108,"minecraft:beef":102,"minecraft:iron_pickaxe":8,"arthas_rpg_arms:soul_hunter_helmet":1,"minecraft:sugar_cane":59,"minecraft:chest":1,"minecraft:furnace":1,"minecraft:egg":1,"arthas_rpg_arms:throwing_star":4,"minecraft:iron_boots":4,"minecraft:stick":83,"minecraft:torch":352,"sophisticatedbackpacks:backpack":5,"arthas_rpg_arms:soul_hunter_boots":2,"minecraft:porkchop":1,"vampirism:holy_water_bottle_enhanced":7,"arthas_rpg_arms:spiked_shield":1,"minecraft:diorite":8,"vampirism:vampire_fang":4,"arthas_rpg_arms:soul_hunter_leggings":3,"vampirism:hunter_table":3,"minecraft:stone_sword":1,"minecraft:arrow":4,"minecraft:rotten_flesh":19,"minecraft:hay_block":1,"minecraft:mutton":30,"minecraft:snowball":18,"minecraft:rail":1,"minecraft:white_wool":7,"minecraft:cobblestone":146,"minecraft:feather":4,"vampirism:vampire_blood_bottle":7,"minecraft:cooked_beef":30,"vampirism:item_tent":1,"minecraft:salmon":42,"minecraft:leather":2,"minecraft:potato":6,"vampirism:stake":2,"minecraft:oak_log":6,"minecraft:gunpowder":6,"minecraft:lapis_lazuli":6,"arthas_rpg_arms:amethyst_crown_helmet":1,"minecraft:dirt":26,"arthas_rpg_arms:instant_repair_kit":1,"vampirism:soul_orb_vampire":9,"minecraft:bone":2,"minecraft:apple":4,"minecraft:wheat_seeds":5,"minecraft:cobweb":11,"vampirism:item_garlic":23,"minecraft:iron_ingot":12,"minecraft:stone_pickaxe":4,"minecraft:cooked_chicken":5,"minecraft:iron_ore":137,"minecraft:glowstone_dust":8,"minecraft:iron_sword":6,"minecraft:oak_planks":20,"vampirism:pure_salt":4,"minecraft:cooked_porkchop":18,"minecraft:sweet_berries":15,"minecraft:dandelion":1,"minecraft:sand":10,"minecraft:spruce_sapling":6,"sophisticatedbackpacks:iron_backpack":1,"minecraft:white_bed":10,"minecraft:spruce_log":13,"vampirism:hunter_axe_ultimate":3,"minecraft:spider_eye":3,"vampiresneedumbrellas:white_iron_umbrella":1,"minecraft:spruce_boat":1,"minecraft:stone_axe":2,"arthas_rpg_arms:soul_hunter_chestplate":1,"minecraft:golden_apple":1,"minecraft:bread":16,"vampirism:vampire_orchid":4,"minecraft:coal":171},"minecraft:killed_by":{"vampirism:advanced_vampire":2,"minecraft:creeper":1,"minecraft:zombie":3,"vampirism:vampire":2},"minecraft:crafted":{"minecraft:oak_planks":20,"vampirism:injection_garlic":1,"vampirism:med_chair":1,"minecraft:glass_pane":16,"vampirism:injection_empty":1,"minecraft:glass":17,"minecraft:iron_axe":1,"minecraft:stone_pickaxe":1,"vampirism:stake":1,"minecraft:spruce_boat":1,"minecraft:wheat":9,"minecraft:cooked_beef":18,"minecraft:glass_bottle":9,"minecraft:crafting_table":1,"minecraft:spruce_planks":52,"minecraft:wooden_pickaxe":1,"minecraft:iron_sword":1,"minecraft:stone_axe":1,"minecraft:bread":3,"minecraft:air":0,"minecraft:iron_chestplate":1,"minecraft:shield":1,"minecraft:stick":44,"minecraft:iron_ingot":50,"minecraft:iron_pickaxe":1,"minecraft:torch":96}},"DataVersion":2586}