{"stats":{"minecraft:killed":{"vampirism:vampire":2,"minecraft:cave_spider":3,"minecraft:creeper":1,"minecraft:skeleton":1,"minecraft:zombie":5,"minecraft:cow":1},"minecraft:custom":{"minecraft:interact_with_furnace":35,"minecraft:mob_kills":14,"minecraft:interact_with_crafting_table":30,"minecraft:play_one_minute":118007,"minecraft:leave_game":6,"minecraft:time_since_death":44471,"minecraft:sleep_in_bed":11,"minecraft:climb_one_cm":451,"minecraft:time_since_rest":11933,"minecraft:sprint_one_cm":391243,"minecraft:damage_taken":3065,"minecraft:walk_one_cm":282277,"minecraft:damage_blocked_by_shield":2025,"minecraft:drop":28,"minecraft:damage_dealt":2880,"minecraft:player_kills":1,"minecraft:swim_one_cm":25527,"minecraft:fly_one_cm":296441,"minecraft:open_chest":3,"minecraft:crouch_one_cm":1024,"minecraft:deaths":7,"minecraft:sneak_time":608,"minecraft:walk_under_water_one_cm":10053,"minecraft:boat_one_cm":76952,"minecraft:jump":1947,"minecraft:walk_on_water_one_cm":25968,"minecraft:fall_one_cm":52878},"minecraft:dropped":{"minecraft:iron_ingot":23,"minecraft:bread":15,"minecraft:iron_sword":1,"minecraft:lapis_lazuli":6,"minecraft:stone_sword":1,"minecraft:glass_bottle":6,"vampirism:obi_belt":1,"vampirism:holy_water_bottle_enhanced":1,"minecraft:feather":4,"minecraft:leather":2,"sophisticatedbackpacks:backpack":1,"minecraft:rail":14,"minecraft:golden_apple":1,"minecraft:gunpowder":2,"minecraft:torch":49,"minecraft:spider_eye":3,"minecraft:stone_pickaxe":3,"minecraft:iron_pickaxe":1,"minecraft:string":55},"minecraft:mined":{"minecraft:white_bed":3,"minecraft:crafting_table":4,"minecraft:torch":2,"minecraft:grass_block":8,"minecraft:cobblestone":4,"minecraft:spruce_leaves":1,"minecraft:sugar_cane":13,"minecraft:diorite":9,"minecraft:spawner":1,"minecraft:large_fern":1,"minecraft:furnace":1,"minecraft:iron_ore":58,"minecraft:sweet_berry_bush":1,"minecraft:spruce_log":13,"minecraft:birch_leaves":1,"vampirism:tent":1,"minecraft:grass":2,"minecraft:oak_log":6,"minecraft:coal_ore":97,"minecraft:sand":10,"minecraft:dirt":3,"minecraft:packed_ice":10,"minecraft:cobweb":33,"minecraft:stone":44,"minecraft:oak_leaves":1},"minecraft:used":{"minecraft:diorite":4,"minecraft:iron_ore":1,"minecraft:stone_pickaxe":29,"minecraft:spruce_planks":4,"minecraft:wooden_pickaxe":16,"minecraft:shield":31,"minecraft:iron_sword":73,"minecraft:rotten_flesh":8,"minecraft:torch":40,"minecraft:dirt":11,"minecraft:mutton":2,"minecraft:crafting_table":5,"minecraft:white_bed":2,"minecraft:snowball":18,"minecraft:spruce_boat":1,"minecraft:oak_log":1,"vampirism:hunter_axe_ultimate":2,"vampirism:item_tent":1,"minecraft:apple":1,"minecraft:iron_axe":5,"minecraft:bread":4,"minecraft:iron_pickaxe":180,"minecraft:stone_axe":17,"minecraft:furnace":1,"minecraft:beef":3,"minecraft:sweet_berries":4,"minecraft:cooked_porkchop":3,"minecraft:cooked_beef":9},"minecraft:picked_up":{"minecraft:coarse_dirt":4,"minecraft:crafting_table":4,"minecraft:iron_chestplate":3,"minecraft:feather":4,"minecraft:cooked_beef":30,"minecraft:chicken":3,"vampirism:item_tent":1,"minecraft:salmon":42,"minecraft:leather":2,"minecraft:wooden_pickaxe":3,"minecraft:potato":6,"minecraft:oak_log":6,"minecraft:shield":4,"minecraft:gunpowder":6,"minecraft:lapis_lazuli":6,"minecraft:string":55,"minecraft:dirt":25,"minecraft:iron_leggings":1,"minecraft:bone":2,"vampirism:obi_belt":1,"minecraft:apple":4,"minecraft:wheat_seeds":2,"minecraft:spruce_planks":108,"minecraft:iron_ingot":5,"minecraft:beef":102,"minecraft:stone_pickaxe":4,"minecraft:cooked_chicken":5,"minecraft:iron_ore":137,"minecraft:iron_pickaxe":5,"minecraft:sugar_cane":59,"minecraft:oak_planks":20,"minecraft:iron_sword":5,"minecraft:furnace":1,"minecraft:stick":83,"minecraft:cooked_porkchop":18,"minecraft:sweet_berries":15,"minecraft:torch":303,"minecraft:sand":10,"sophisticatedbackpacks:backpack":3,"vampirism:holy_water_bottle_enhanced":1,"minecraft:spruce_sapling":6,"minecraft:diorite":8,"minecraft:white_bed":3,"minecraft:spruce_log":13,"minecraft:spider_eye":3,"minecraft:stone_sword":1,"minecraft:arrow":4,"minecraft:rotten_flesh":15,"minecraft:spruce_boat":1,"minecraft:stone_axe":2,"minecraft:hay_block":1,"minecraft:golden_apple":1,"minecraft:bread":16,"minecraft:white_wool":1,"minecraft:mutton":23,"minecraft:rail":1,"minecraft:coal":164,"minecraft:snowball":18,"minecraft:cobblestone":146},"minecraft:killed_by":{"vampirism:advanced_vampire":2,"minecraft:zombie":3},"minecraft:crafted":{"minecraft:cooked_beef":18,"minecraft:glass_bottle":9,"minecraft:oak_planks":20,"minecraft:crafting_table":1,"minecraft:spruce_planks":52,"minecraft:wooden_pickaxe":1,"minecraft:iron_sword":1,"vampirism:med_chair":1,"minecraft:stone_axe":1,"minecraft:bread":3,"minecraft:air":0,"minecraft:glass":10,"minecraft:iron_chestplate":1,"minecraft:shield":1,"minecraft:iron_axe":1,"minecraft:stick":44,"minecraft:iron_ingot":46,"minecraft:iron_pickaxe":1,"minecraft:stone_pickaxe":1,"minecraft:spruce_boat":1,"minecraft:torch":96,"minecraft:wheat":9}},"DataVersion":2586}