{"stats":{"minecraft:used":{"minecraft:oak_log":1,"minecraft:dirt":2},"minecraft:custom":{"minecraft:jump":30,"minecraft:time_since_rest":3265,"minecraft:leave_game":1,"minecraft:play_one_minute":3265,"minecraft:walk_on_water_one_cm":884,"minecraft:sprint_one_cm":4941,"minecraft:time_since_death":3265,"minecraft:walk_one_cm":7601,"minecraft:fall_one_cm":629,"minecraft:fly_one_cm":2341},"minecraft:picked_up":{"minecraft:oak_log":1,"minecraft:dirt":2},"minecraft:mined":{"minecraft:grass":1,"minecraft:grass_block":2,"minecraft:oak_log":1}},"DataVersion":2586}