{"stats":{"minecraft:killed":{"vampirism:vampire":6,"minecraft:cave_spider":3,"minecraft:skeleton":1,"minecraft:creeper":1,"minecraft:zombie":5,"minecraft:cow":1},"minecraft:custom":{"minecraft:mob_kills":17,"minecraft:interact_with_crafting_table":34,"minecraft:damage_dealt_resisted":133,"minecraft:leave_game":6,"minecraft:time_since_death":4336,"minecraft:climb_one_cm":451,"minecraft:sprint_one_cm":448951,"minecraft:walk_one_cm":344708,"minecraft:damage_blocked_by_shield":2805,"minecraft:drop":33,"minecraft:talked_to_villager":1,"minecraft:deaths":8,"minecraft:sneak_time":646,"minecraft:walk_under_water_one_cm":10681,"minecraft:boat_one_cm":76952,"minecraft:jump":2358,"minecraft:walk_on_water_one_cm":29681,"minecraft:interact_with_furnace":43,"minecraft:play_one_minute":142007,"minecraft:sleep_in_bed":13,"minecraft:time_since_rest":4380,"minecraft:damage_taken":3610,"minecraft:damage_dealt":4314,"minecraft:swim_one_cm":44383,"minecraft:fly_one_cm":373734,"minecraft:player_kills":1,"minecraft:open_chest":5,"minecraft:crouch_one_cm":1126,"minecraft:fall_one_cm":66886},"minecraft:dropped":{"minecraft:iron_ingot":31,"minecraft:bread":15,"minecraft:iron_sword":1,"minecraft:lapis_lazuli":6,"minecraft:glass_bottle":6,"minecraft:crafting_table":1,"minecraft:feather":4,"minecraft:leather":2,"minecraft:rail":14,"minecraft:golden_apple":1,"minecraft:torch":49,"minecraft:iron_pickaxe":1,"minecraft:string":55,"minecraft:stone_sword":1,"vampirism:obi_belt":1,"vampirism:holy_water_bottle_enhanced":1,"sophisticatedbackpacks:backpack":1,"minecraft:gunpowder":2,"minecraft:spider_eye":3,"minecraft:iron_ore":10,"minecraft:beef":6,"minecraft:stone_pickaxe":3},"minecraft:broken":{"minecraft:shield":1},"minecraft:used":{"minecraft:spruce_planks":4,"minecraft:shield":46,"minecraft:iron_sword":84,"minecraft:rotten_flesh":8,"minecraft:torch":40,"minecraft:dirt":12,"minecraft:mutton":2,"minecraft:snowball":18,"minecraft:spruce_boat":1,"vampirism:item_tent":1,"minecraft:iron_axe":7,"minecraft:beef":3,"minecraft:sweet_berries":4,"minecraft:furnace":1,"minecraft:cooked_beef":10,"minecraft:diorite":4,"minecraft:iron_ore":1,"minecraft:stone_pickaxe":29,"minecraft:wooden_pickaxe":16,"minecraft:crafting_table":5,"vampirism:stake":34,"minecraft:white_bed":5,"minecraft:oak_log":1,"vampirism:hunter_axe_ultimate":2,"minecraft:apple":1,"minecraft:bread":7,"minecraft:iron_pickaxe":180,"minecraft:stone_axe":17,"minecraft:cooked_porkchop":3,"vampirism:med_chair":1},"minecraft:mined":{"minecraft:white_bed":6,"minecraft:grass_block":9,"minecraft:spruce_leaves":1,"minecraft:spawner":1,"minecraft:large_fern":1,"minecraft:furnace":1,"minecraft:iron_ore":58,"vampirism:tent":1,"minecraft:packed_ice":10,"minecraft:stone":44,"minecraft:crafting_table":5,"minecraft:torch":2,"minecraft:cobblestone":4,"minecraft:sugar_cane":13,"minecraft:diorite":9,"minecraft:wheat":1,"minecraft:sweet_berry_bush":1,"minecraft:spruce_log":13,"minecraft:birch_leaves":1,"minecraft:grass":2,"minecraft:coal_ore":97,"minecraft:oak_log":6,"minecraft:sand":10,"minecraft:dirt":3,"minecraft:cobweb":33,"minecraft:oak_leaves":1},"minecraft:picked_up":{"minecraft:iron_chestplate":4,"minecraft:crafting_table":6,"minecraft:coarse_dirt":4,"minecraft:wheat":1,"minecraft:chicken":3,"minecraft:wooden_pickaxe":3,"minecraft:shield":5,"minecraft:string":55,"minecraft:iron_leggings":1,"vampirism:obi_belt":1,"minecraft:spruce_planks":108,"minecraft:beef":102,"minecraft:iron_pickaxe":5,"minecraft:sugar_cane":59,"minecraft:iron_boots":2,"minecraft:furnace":1,"minecraft:stick":83,"minecraft:torch":352,"sophisticatedbackpacks:backpack":3,"vampirism:holy_water_bottle_enhanced":1,"vampirism:vampire_fang":2,"minecraft:diorite":8,"vampirism:hunter_table":1,"minecraft:stone_sword":1,"minecraft:arrow":4,"minecraft:rotten_flesh":15,"minecraft:hay_block":1,"minecraft:mutton":23,"minecraft:cobblestone":146,"minecraft:snowball":18,"minecraft:rail":1,"minecraft:white_wool":1,"vampirism:vampire_blood_bottle":2,"minecraft:feather":4,"minecraft:cooked_beef":30,"vampirism:item_tent":1,"minecraft:salmon":42,"minecraft:leather":2,"minecraft:potato":6,"minecraft:oak_log":6,"minecraft:gunpowder":6,"minecraft:lapis_lazuli":6,"minecraft:dirt":26,"minecraft:bone":2,"minecraft:apple":4,"minecraft:wheat_seeds":4,"vampirism:item_garlic":5,"minecraft:cooked_chicken":5,"minecraft:iron_ingot":9,"minecraft:stone_pickaxe":4,"minecraft:iron_ore":137,"minecraft:iron_sword":5,"minecraft:oak_planks":20,"minecraft:cooked_porkchop":18,"minecraft:sweet_berries":15,"minecraft:sand":10,"minecraft:spruce_sapling":6,"sophisticatedbackpacks:iron_backpack":1,"minecraft:white_bed":6,"minecraft:spruce_log":13,"vampirism:hunter_axe_ultimate":1,"minecraft:spider_eye":3,"vampiresneedumbrellas:white_iron_umbrella":1,"minecraft:stone_axe":2,"minecraft:spruce_boat":1,"minecraft:golden_apple":1,"minecraft:bread":16,"vampirism:vampire_orchid":4,"minecraft:coal":171},"minecraft:killed_by":{"vampirism:advanced_vampire":2,"minecraft:zombie":3,"vampirism:vampire":1},"minecraft:crafted":{"minecraft:oak_planks":20,"vampirism:injection_garlic":1,"vampirism:med_chair":1,"minecraft:glass_pane":16,"vampirism:injection_empty":1,"minecraft:glass":17,"minecraft:iron_axe":1,"minecraft:stone_pickaxe":1,"vampirism:stake":1,"minecraft:spruce_boat":1,"minecraft:wheat":9,"minecraft:cooked_beef":18,"minecraft:glass_bottle":9,"minecraft:crafting_table":1,"minecraft:spruce_planks":52,"minecraft:wooden_pickaxe":1,"minecraft:iron_sword":1,"minecraft:stone_axe":1,"minecraft:bread":3,"minecraft:air":0,"minecraft:iron_chestplate":1,"minecraft:shield":1,"minecraft:stick":44,"minecraft:iron_pickaxe":1,"minecraft:iron_ingot":50,"minecraft:torch":96}},"DataVersion":2586}