{"stats":{"minecraft:dropped":{"minecraft:stone_pickaxe":3},"minecraft:killed":{"vampirism:vampire":1,"minecraft:zombie":3},"minecraft:custom":{"minecraft:interact_with_furnace":12,"minecraft:mob_kills":5,"minecraft:interact_with_crafting_table":16,"minecraft:play_one_minute":46739,"minecraft:leave_game":5,"minecraft:time_since_death":7523,"minecraft:sleep_in_bed":6,"minecraft:climb_one_cm":451,"minecraft:time_since_rest":7553,"minecraft:sprint_one_cm":125709,"minecraft:damage_taken":1203,"minecraft:walk_one_cm":116826,"minecraft:drop":3,"minecraft:damage_dealt":1137,"minecraft:swim_one_cm":20403,"minecraft:fly_one_cm":120515,"minecraft:open_chest":2,"minecraft:crouch_one_cm":482,"minecraft:deaths":4,"minecraft:sneak_time":211,"minecraft:walk_under_water_one_cm":3386,"minecraft:jump":804,"minecraft:walk_on_water_one_cm":15749,"minecraft:fall_one_cm":21074},"minecraft:mined":{"minecraft:crafting_table":1,"minecraft:grass_block":4,"minecraft:cobblestone":4,"minecraft:spruce_leaves":1,"minecraft:sugar_cane":6,"minecraft:large_fern":1,"minecraft:iron_ore":18,"minecraft:sweet_berry_bush":1,"minecraft:spruce_log":13,"vampirism:tent":1,"minecraft:grass":2,"minecraft:oak_log":6,"minecraft:coal_ore":64,"minecraft:dirt":2,"minecraft:stone":17},"minecraft:used":{"minecraft:stone_pickaxe":29,"minecraft:wooden_pickaxe":16,"minecraft:iron_sword":5,"minecraft:rotten_flesh":2,"minecraft:torch":1,"minecraft:dirt":4,"minecraft:mutton":2,"minecraft:crafting_table":2,"minecraft:snowball":18,"minecraft:oak_log":1,"vampirism:item_tent":1,"minecraft:apple":1,"minecraft:bread":3,"minecraft:iron_pickaxe":58,"minecraft:stone_axe":17,"minecraft:sweet_berries":4,"minecraft:cooked_porkchop":1},"minecraft:picked_up":{"minecraft:crafting_table":1,"minecraft:cooked_beef":30,"vampirism:item_tent":1,"minecraft:salmon":21,"minecraft:wooden_pickaxe":2,"minecraft:potato":3,"minecraft:oak_log":6,"minecraft:shield":1,"minecraft:dirt":10,"minecraft:apple":4,"minecraft:wheat_seeds":2,"minecraft:spruce_planks":42,"minecraft:beef":51,"minecraft:iron_ingot":3,"minecraft:stone_pickaxe":4,"minecraft:cooked_chicken":5,"minecraft:iron_ore":28,"minecraft:iron_pickaxe":1,"minecraft:sugar_cane":20,"minecraft:oak_planks":20,"minecraft:iron_sword":1,"minecraft:stick":39,"minecraft:cooked_porkchop":18,"minecraft:sweet_berries":3,"minecraft:spruce_sapling":3,"minecraft:spruce_log":13,"minecraft:rotten_flesh":9,"minecraft:stone_axe":2,"minecraft:hay_block":1,"minecraft:mutton":23,"minecraft:coal":72,"minecraft:snowball":18,"minecraft:cobblestone":34},"minecraft:killed_by":{"minecraft:zombie":3},"minecraft:crafted":{"minecraft:oak_planks":20,"minecraft:crafting_table":1,"minecraft:spruce_planks":52,"minecraft:wooden_pickaxe":1,"minecraft:iron_sword":1,"minecraft:stone_axe":1,"minecraft:bread":3,"minecraft:air":0,"minecraft:iron_chestplate":1,"minecraft:shield":1,"minecraft:stick":44,"minecraft:iron_ingot":15,"minecraft:iron_pickaxe":1,"minecraft:stone_pickaxe":1,"minecraft:torch":96,"minecraft:wheat":9}},"DataVersion":2586}