{"stats":{"minecraft:killed_by":{"minecraft:zombie":3},"minecraft:custom":{"minecraft:interact_with_furnace":12,"minecraft:mob_kills":4,"minecraft:interact_with_crafting_table":16,"minecraft:play_one_minute":41418,"minecraft:leave_game":5,"minecraft:time_since_death":2202,"minecraft:sleep_in_bed":6,"minecraft:climb_one_cm":451,"minecraft:time_since_rest":2232,"minecraft:sprint_one_cm":113560,"minecraft:damage_taken":1140,"minecraft:walk_one_cm":103150,"minecraft:drop":2,"minecraft:damage_dealt":937,"minecraft:swim_one_cm":20403,"minecraft:fly_one_cm":114335,"minecraft:crouch_one_cm":268,"minecraft:deaths":4,"minecraft:sneak_time":147,"minecraft:walk_under_water_one_cm":3299,"minecraft:jump":743,"minecraft:walk_on_water_one_cm":14263,"minecraft:fall_one_cm":20670},"minecraft:dropped":{"minecraft:stone_pickaxe":2},"minecraft:mined":{"minecraft:crafting_table":1,"minecraft:grass_block":4,"minecraft:cobblestone":4,"minecraft:spruce_leaves":1,"minecraft:sugar_cane":6,"minecraft:large_fern":1,"minecraft:iron_ore":18,"minecraft:sweet_berry_bush":1,"minecraft:spruce_log":13,"vampirism:tent":1,"minecraft:grass":2,"minecraft:coal_ore":47,"minecraft:oak_log":6,"minecraft:dirt":2,"minecraft:stone":17},"minecraft:used":{"minecraft:stone_pickaxe":29,"minecraft:wooden_pickaxe":16,"minecraft:iron_sword":2,"minecraft:rotten_flesh":2,"minecraft:dirt":4,"minecraft:mutton":2,"minecraft:crafting_table":2,"minecraft:snowball":18,"minecraft:oak_log":1,"vampirism:item_tent":1,"minecraft:apple":1,"minecraft:bread":3,"minecraft:iron_pickaxe":41,"minecraft:stone_axe":17,"minecraft:sweet_berries":4},"minecraft:killed":{"vampirism:vampire":1,"minecraft:zombie":2},"minecraft:crafted":{"minecraft:oak_planks":20,"minecraft:crafting_table":1,"minecraft:spruce_planks":52,"minecraft:wooden_pickaxe":1,"minecraft:iron_sword":1,"minecraft:stone_axe":1,"minecraft:bread":3,"minecraft:air":0,"minecraft:iron_chestplate":1,"minecraft:shield":1,"minecraft:stick":44,"minecraft:iron_ingot":15,"minecraft:iron_pickaxe":1,"minecraft:stone_pickaxe":1,"minecraft:wheat":9},"minecraft:picked_up":{"minecraft:crafting_table":1,"minecraft:cooked_beef":30,"vampirism:item_tent":1,"minecraft:salmon":21,"minecraft:wooden_pickaxe":2,"minecraft:potato":3,"minecraft:oak_log":6,"minecraft:shield":1,"minecraft:dirt":10,"minecraft:apple":4,"minecraft:wheat_seeds":2,"minecraft:spruce_planks":42,"minecraft:iron_ingot":3,"minecraft:cooked_chicken":5,"minecraft:beef":51,"minecraft:stone_pickaxe":4,"minecraft:iron_ore":28,"minecraft:iron_pickaxe":1,"minecraft:sugar_cane":20,"minecraft:iron_sword":1,"minecraft:oak_planks":20,"minecraft:stick":39,"minecraft:cooked_porkchop":18,"minecraft:sweet_berries":3,"minecraft:spruce_sapling":3,"minecraft:spruce_log":13,"minecraft:rotten_flesh":8,"minecraft:stone_axe":2,"minecraft:hay_block":1,"minecraft:mutton":23,"minecraft:coal":55,"minecraft:snowball":18,"minecraft:cobblestone":34}},"DataVersion":2586}