{"stats":{"minecraft:dropped":{"minecraft:stone_sword":1,"minecraft:golden_apple":1,"minecraft:stone_pickaxe":3,"minecraft:string":17},"minecraft:killed":{"vampirism:vampire":2,"minecraft:cave_spider":3,"minecraft:creeper":1,"minecraft:skeleton":1,"minecraft:zombie":4},"minecraft:custom":{"minecraft:interact_with_furnace":14,"minecraft:mob_kills":12,"minecraft:interact_with_crafting_table":16,"minecraft:play_one_minute":88007,"minecraft:leave_game":6,"minecraft:time_since_death":14471,"minecraft:sleep_in_bed":9,"minecraft:climb_one_cm":451,"minecraft:time_since_rest":14271,"minecraft:sprint_one_cm":288172,"minecraft:damage_taken":2710,"minecraft:walk_one_cm":220453,"minecraft:damage_blocked_by_shield":1925,"minecraft:drop":6,"minecraft:damage_dealt":2641,"minecraft:player_kills":1,"minecraft:swim_one_cm":24403,"minecraft:fly_one_cm":219200,"minecraft:open_chest":3,"minecraft:crouch_one_cm":980,"minecraft:deaths":7,"minecraft:sneak_time":580,"minecraft:walk_under_water_one_cm":9616,"minecraft:jump":1481,"minecraft:walk_on_water_one_cm":24530,"minecraft:fall_one_cm":42833},"minecraft:mined":{"minecraft:crafting_table":1,"minecraft:torch":2,"minecraft:grass_block":8,"minecraft:cobblestone":4,"minecraft:spruce_leaves":1,"minecraft:sugar_cane":10,"minecraft:diorite":9,"minecraft:spawner":1,"minecraft:large_fern":1,"minecraft:iron_ore":53,"minecraft:sweet_berry_bush":1,"minecraft:spruce_log":13,"minecraft:birch_leaves":1,"vampirism:tent":1,"minecraft:grass":2,"minecraft:oak_log":6,"minecraft:coal_ore":97,"minecraft:dirt":3,"minecraft:cobweb":33,"minecraft:stone":41},"minecraft:used":{"minecraft:diorite":4,"minecraft:iron_ore":1,"minecraft:stone_pickaxe":29,"minecraft:spruce_planks":4,"minecraft:wooden_pickaxe":16,"minecraft:shield":27,"minecraft:iron_sword":68,"minecraft:rotten_flesh":5,"minecraft:torch":40,"minecraft:dirt":11,"minecraft:mutton":2,"minecraft:crafting_table":2,"minecraft:snowball":18,"minecraft:oak_log":1,"vampirism:item_tent":1,"minecraft:apple":1,"minecraft:bread":3,"minecraft:iron_pickaxe":161,"minecraft:stone_axe":17,"minecraft:beef":2,"minecraft:sweet_berries":4,"minecraft:cooked_porkchop":3,"minecraft:cooked_beef":4},"minecraft:picked_up":{"minecraft:coarse_dirt":4,"minecraft:crafting_table":1,"minecraft:iron_chestplate":3,"minecraft:feather":4,"minecraft:cooked_beef":30,"minecraft:chicken":3,"vampirism:item_tent":1,"minecraft:salmon":42,"minecraft:wooden_pickaxe":3,"minecraft:potato":6,"minecraft:oak_log":6,"minecraft:shield":4,"minecraft:gunpowder":6,"minecraft:lapis_lazuli":6,"minecraft:string":54,"minecraft:dirt":25,"minecraft:bone":2,"minecraft:apple":4,"minecraft:wheat_seeds":2,"minecraft:spruce_planks":108,"minecraft:iron_ingot":3,"minecraft:beef":100,"minecraft:stone_pickaxe":4,"minecraft:cooked_chicken":5,"minecraft:iron_ore":114,"minecraft:iron_pickaxe":5,"minecraft:sugar_cane":52,"minecraft:oak_planks":20,"minecraft:iron_sword":5,"minecraft:stick":83,"minecraft:cooked_porkchop":18,"minecraft:sweet_berries":15,"minecraft:torch":302,"sophisticatedbackpacks:backpack":1,"minecraft:spruce_sapling":6,"minecraft:diorite":8,"minecraft:spruce_log":13,"minecraft:spider_eye":3,"minecraft:stone_sword":1,"minecraft:arrow":4,"minecraft:rotten_flesh":14,"minecraft:stone_axe":2,"minecraft:hay_block":1,"minecraft:golden_apple":1,"minecraft:bread":16,"minecraft:mutton":23,"minecraft:rail":1,"minecraft:coal":105,"minecraft:snowball":18,"minecraft:cobblestone":143},"minecraft:killed_by":{"vampirism:advanced_vampire":2,"minecraft:zombie":3},"minecraft:crafted":{"minecraft:cooked_beef":4,"minecraft:oak_planks":20,"minecraft:crafting_table":1,"minecraft:spruce_planks":52,"minecraft:wooden_pickaxe":1,"minecraft:iron_sword":1,"minecraft:stone_axe":1,"minecraft:bread":3,"minecraft:air":0,"minecraft:iron_chestplate":1,"minecraft:shield":1,"minecraft:stick":44,"minecraft:iron_ingot":15,"minecraft:iron_pickaxe":1,"minecraft:stone_pickaxe":1,"minecraft:torch":96,"minecraft:wheat":9}},"DataVersion":2586}