{"stats":{"minecraft:mined":{"minecraft:dark_prismarine_stairs":1,"minecraft:spruce_planks":1,"minecraft:white_bed":9,"minecraft:obsidian":15,"minecraft:chiseled_polished_blackstone":5,"minecraft:acacia_log":10,"minecraft:grass_block":8,"arthas_rpg_arms:vase":3,"minecraft:cracked_polished_blackstone_bricks":2,"vampirism:hunter_table":1,"minecraft:spawner":4,"minecraft:magma_block":1,"minecraft:glowstone":25,"minecraft:iron_ore":156,"minecraft:fire":5,"minecraft:pumpkin":1,"vampirism:tent":2,"minecraft:enchanting_table":1,"minecraft:cut_sandstone":2,"minecraft:blackstone":1,"minecraft:kelp_plant":1,"minecraft:orange_terracotta":2,"minecraft:torch":3,"minecraft:chest":2,"minecraft:cobblestone":19,"minecraft:sugar_cane":2,"minecraft:wall_torch":2,"vampirism:med_chair":1,"minecraft:stone_brick_stairs":2,"minecraft:grass":48,"minecraft:oak_log":1,"minecraft:sand":53,"minecraft:dirt":7,"minecraft:netherrack":59,"minecraft:oak_leaves":2,"minecraft:emerald_block":9,"minecraft:diamond_ore":12,"vampirism:vampire_orchid":4,"minecraft:spruce_leaves":9,"minecraft:sandstone":8,"minecraft:hay_block":13,"minecraft:redstone_ore":25,"minecraft:furnace":5,"minecraft:chiseled_sandstone":1,"minecraft:andesite":7,"minecraft:stripped_spruce_log":4,"vampirism:altar_infusion":2,"minecraft:vine":1,"minecraft:stripped_acacia_log":5,"minecraft:stone":259,"minecraft:glass_pane":1,"minecraft:stone_brick_slab":3,"vampirism:cursed_spruce_log":1,"vampirism:tent_main":1,"minecraft:crafting_table":8,"minecraft:lectern":1,"minecraft:tall_grass":1,"minecraft:lapis_ore":10,"minecraft:diorite":8,"minecraft:cactus":1,"minecraft:polished_blackstone_stairs":2,"minecraft:sweet_berry_bush":3,"minecraft:spruce_log":9,"vampirism:cursed_roots":1,"vampirism:garlic":5,"minecraft:coal_ore":103,"vampirism:fire_place":3,"minecraft:gravel":4,"minecraft:cobweb":4,"minecraft:polished_blackstone":1,"minecraft:stone_bricks":1,"minecraft:gold_ore":45,"minecraft:fern":2},"minecraft:broken":{"vampiresneedumbrellas:white_iron_umbrella":2,"minecraft:iron_pickaxe":2},"minecraft:crafted":{"minecraft:oak_planks":4,"vampiresneedumbrellas:iron_umbrella_rod":4,"minecraft:stone":4,"minecraft:glass":4,"minecraft:iron_boots":1,"vampirism:altar_inspiration":1,"minecraft:chest":4,"sophisticatedbackpacks:backpack":3,"minecraft:crafting_table":3,"minecraft:spruce_planks":48,"minecraft:wooden_pickaxe":1,"vampiresneedumbrellas:white_diamond_umbrella":1,"minecraft:iron_chestplate":1,"minecraft:diamond_pickaxe":1,"minecraft:shield":1,"minecraft:stick":52,"minecraft:iron_ingot":122,"minecraft:iron_pickaxe":2,"minecraft:iron_block":3,"minecraft:stone_sword":1,"minecraft:gold_ingot":16,"minecraft:furnace":2,"minecraft:white_carpet":9,"vampirism:altar_infusion":1,"minecraft:stone_pickaxe":1,"minecraft:wheat":117,"sophisticatedbackpacks:iron_backpack":2,"minecraft:iron_sword":1,"sophisticatedbackpacks:gold_backpack":1,"vampiresneedumbrellas:white_iron_umbrella":2,"minecraft:stone_axe":1,"minecraft:bread":39,"minecraft:white_wool":8,"minecraft:iron_leggings":2,"minecraft:anvil":1,"minecraft:white_bed":1,"vampirism:blood_container":1,"vampiresneedumbrellas:diamond_umbrella_rod":2,"minecraft:acacia_planks":44,"minecraft:torch":156},"minecraft:custom":{"minecraft:interact_with_crafting_table":48,"minecraft:leave_game":12,"minecraft:time_since_death":19623,"minecraft:sprint_one_cm":1174051,"minecraft:damage_blocked_by_shield":3485,"minecraft:drop":135,"minecraft:talked_to_villager":3,"minecraft:deaths":13,"minecraft:jump":7497,"minecraft:walk_on_water_one_cm":223480,"minecraft:interact_with_furnace":61,"minecraft:play_one_minute":472869,"minecraft:sleep_in_bed":19,"minecraft:waystone_activated":5,"minecraft:open_enderchest":2,"minecraft:damage_dealt":9500,"minecraft:interact_with_beacon":1,"minecraft:crouch_one_cm":2487,"minecraft:mob_kills":140,"minecraft:interact_with_anvil":3,"minecraft:damage_dealt_resisted":213,"minecraft:climb_one_cm":3831,"minecraft:walk_one_cm":1490873,"minecraft:damage_dealt_absorbed":40,"minecraft:sneak_time":1734,"minecraft:walk_under_water_one_cm":304634,"minecraft:boat_one_cm":115382,"minecraft:interact_with_blast_furnace":9,"minecraft:time_since_rest":19660,"minecraft:damage_taken":11229,"minecraft:swim_one_cm":513766,"minecraft:fly_one_cm":851941,"minecraft:open_chest":74,"minecraft:fall_one_cm":158391},"minecraft:killed_by":{"minecraft:creeper":1,"minecraft:vindicator":3,"minecraft:piglin":1,"minecraft:zombie":2,"vampirism:vampire":1,"minecraft:player":1,"minecraft:skeleton":3},"minecraft:dropped":{"sophisticatedbackpacks:iron_backpack":1,"arthas_rpg_arms:ring_of_stamina":1,"minecraft:iron_sword":1,"minecraft:porkchop":3,"vampirism:stake":1,"arthas_rpg_arms:ebonite_leggings":2,"minecraft:mutton":3,"minecraft:seagrass":2,"arthas_rpg_arms:ebonite_helmet":2,"minecraft:iron_pickaxe":3,"minecraft:white_wool":3,"arthas_rpg_arms:ebonite_sword":2,"vampirism:holy_water_bottle_normal":4,"minecraft:obsidian":16,"vampirism:holy_water_bottle_enhanced":4,"vampirism:blood_bottle":1,"minecraft:white_bed":2,"vampirism:soul_orb_vampire":4,"vampirism:vampire_blood_bottle":2,"minecraft:chest":1,"vampirism:hunter_axe_ultimate":2,"minecraft:iron_ore":18,"arthas_rpg_arms:ebonite_axe":1,"minecraft:beef":7,"arthas_rpg_arms:crystal_heart":2,"arthas_rpg_arms:phantom_bow":1,"minecraft:egg":1,"vampirism:item_garlic":14,"minecraft:water_bucket":1,"minecraft:enchanted_book":1,"minecraft:iron_ingot":2,"minecraft:bread":6,"minecraft:wheat_seeds":6,"vampirism:pure_salt":2,"minecraft:cobblestone":111,"arthas_rpg_arms:the_axe_of_quiet":1,"vampirism:hunter_table":1,"minecraft:acacia_log":1,"minecraft:stick":4,"minecraft:cobweb":4,"minecraft:diorite":2,"arthas_rpg_arms:skywarp":2,"minecraft:iron_leggings":2,"minecraft:iron_axe":1,"minecraft:lily_pad":7,"arthas_rpg_arms:soul_hunter_leggings":1,"minecraft:kelp":15,"minecraft:stone_sword":2,"minecraft:bowl":2,"vampirism:obi_belt":1,"vampirism:hunter_coat_head_ultimate":1,"minecraft:iron_boots":2,"sophisticatedbackpacks:backpack":2,"vampiresneedumbrellas:white_iron_umbrella":1,"arthas_rpg_arms:devoid_chestplate":1,"arthas_rpg_arms:slime_boots":1,"minecraft:spruce_boat":1,"minecraft:shield":1,"minecraft:iron_chestplate":1,"minecraft:andesite":13,"minecraft:spider_eye":3,"minecraft:sandstone":4,"arthas_rpg_arms:soul_hunter_boots":1,"minecraft:stone_pickaxe":2},"minecraft:used":{"minecraft:polished_blackstone":1,"vampirism:altar_infusion":2,"minecraft:chest":2,"minecraft:shield":53,"minecraft:stone":4,"minecraft:iron_sword":162,"minecraft:spruce_boat":2,"vampirism:item_tent":2,"minecraft:stone_brick_stairs":2,"minecraft:stone_bricks":1,"minecraft:sweet_berries":25,"minecraft:furnace":6,"minecraft:egg":9,"minecraft:potato":7,"minecraft:dark_prismarine_stairs":1,"minecraft:polished_blackstone_stairs":1,"minecraft:chiseled_polished_blackstone":5,"minecraft:diorite":1,"minecraft:stone_pickaxe":37,"minecraft:blackstone":1,"minecraft:wooden_pickaxe":6,"minecraft:sandstone":14,"minecraft:white_wool":5,"minecraft:sand":14,"minecraft:chiseled_sandstone":1,"minecraft:bread":42,"minecraft:brown_wool":1,"minecraft:lectern":1,"minecraft:gravel":4,"minecraft:andesite":1,"waystones:sandy_waystone":1,"minecraft:stone_sword":11,"minecraft:spruce_planks":1,"arthas_rpg_arms:skulk_hammer":37,"minecraft:netherrack":50,"minecraft:torch":152,"minecraft:dirt":6,"minecraft:anvil":1,"minecraft:stone_brick_slab":3,"minecraft:beef":3,"minecraft:cooked_beef":3,"minecraft:orange_terracotta":2,"vampirism:fire_place":2,"minecraft:water_bucket":4,"arthas_rpg_arms:lightning_sword":3,"vampirism:altar_inspiration":1,"minecraft:glass_bottle":7,"arthas_rpg_arms:wraithreach":2,"minecraft:cut_sandstone":2,"minecraft:salmon":2,"arthas_rpg_arms:life_leech":14,"minecraft:crafting_table":13,"minecraft:white_bed":12,"minecraft:diamond_pickaxe":260,"minecraft:cracked_polished_blackstone_bricks":2,"minecraft:chicken":2,"minecraft:iron_pickaxe":505,"minecraft:suspicious_stew":1,"minecraft:stone_axe":10,"minecraft:potion":7,"minecraft:cobblestone":100,"vampirism:cursed_spruce_log":1,"minecraft:white_banner":1,"minecraft:bucket":5,"minecraft:glass_pane":4,"minecraft:gray_wool":1},"minecraft:picked_up":{"minecraft:seagrass":2,"minecraft:iron_chestplate":6,"minecraft:wheat":67,"arthas_rpg_arms:crystal_heart":3,"arthas_rpg_arms:skywarp":3,"arthas_rpg_arms:ring_of_stamina":3,"minecraft:enchanted_book":4,"minecraft:stone_brick_stairs":2,"vampirism:hunter_coat_head_ultimate":1,"arthas_rpg_arms:ebonite_axe":1,"vampirism:holy_water_bottle_normal":4,"minecraft:string":86,"arthas_rpg_arms:guardian_leggings":3,"minecraft:iron_leggings":3,"arthas_rpg_arms:guardian_chestplate":3,"arthas_rpg_arms:the_axe_of_quiet":1,"arthas_rpg_arms:life_leech":1,"vampirism:obi_belt":1,"minecraft:spruce_planks":17,"minecraft:iron_pickaxe":7,"minecraft:furnace":5,"minecraft:iron_boots":4,"minecraft:stick":21,"minecraft:polished_blackstone_stairs":1,"vampiresneedumbrellas:white_diamond_umbrella":2,"minecraft:torch":213,"minecraft:acacia_log":12,"arthas_rpg_arms:soul_hunter_boots":1,"minecraft:porkchop":30,"vampirism:holy_water_bottle_enhanced":4,"arthas_rpg_arms:spiked_shield":3,"vampirism:vampire_fang":5,"minecraft:diorite":20,"arthas_rpg_arms:hammer_of_agnes":1,"arthas_rpg_arms:soul_hunter_leggings":1,"arthas_rpg_arms:ward":1,"vampirism:hunter_table":1,"minecraft:stone_sword":5,"vampirism:blood_bottle":2,"minecraft:rotten_flesh":13,"arthas_rpg_arms:guardian_helmet":3,"arthas_rpg_arms:guardian_boots":3,"arthas_rpg_arms:aetheric_boots":1,"minecraft:obsidian":23,"minecraft:cobblestone":514,"minecraft:enchanting_table":1,"minecraft:cooked_beef":8,"minecraft:magma_block":1,"vampirism:vampire_book":1,"minecraft:feather":12,"vampirism:med_chair":1,"minecraft:water_bucket":3,"minecraft:andesite":20,"minecraft:brown_wool":1,"vampirism:stake":1,"arthas_rpg_arms:vase":2,"minecraft:lapis_lazuli":86,"minecraft:dirt":14,"arthas_rpg_arms:ebonite_helmet":2,"arthas_rpg_arms:instant_repair_kit":2,"vampirism:soul_orb_vampire":4,"minecraft:bone":32,"minecraft:acacia_planks":30,"minecraft:wheat_seeds":13,"vampirism:item_garlic":14,"minecraft:glowstone_dust":60,"vampirism:cursed_spruce_log":1,"minecraft:chiseled_polished_blackstone":5,"vampirism:ring":1,"minecraft:sand":72,"minecraft:stripped_spruce_log":3,"sophisticatedbackpacks:iron_backpack":4,"minecraft:chiseled_sandstone":1,"minecraft:stripped_acacia_log":4,"minecraft:diamond":19,"minecraft:spruce_boat":4,"waystones:waystone":2,"minecraft:cracked_polished_blackstone_bricks":2,"minecraft:crossbow":1,"minecraft:golden_apple":2,"minecraft:bread":70,"minecraft:netherrack":58,"minecraft:diamond_pickaxe":2,"sophisticatedbackpacks:gold_backpack":2,"minecraft:coarse_dirt":4,"minecraft:crafting_table":13,"minecraft:chicken":8,"minecraft:wooden_pickaxe":1,"arthas_rpg_arms:slime_boots":1,"minecraft:shield":5,"minecraft:iron_axe":1,"minecraft:blackstone":1,"minecraft:glass_pane":26,"minecraft:dark_prismarine_stairs":1,"minecraft:beef":36,"minecraft:lectern":1,"minecraft:chest":2,"minecraft:sugar_cane":18,"minecraft:egg":16,"minecraft:sandstone":18,"minecraft:bowl":1,"sophisticatedbackpacks:backpack":2,"minecraft:redstone":147,"minecraft:stone_pressure_plate":1,"minecraft:arrow":42,"arthas_rpg_arms:ebonite_leggings":2,"arthas_rpg_arms:skulk_hammer":3,"minecraft:hay_block":13,"minecraft:saddle":1,"minecraft:polished_blackstone":1,"minecraft:mutton":39,"minecraft:rail":14,"minecraft:white_wool":20,"vampirism:vampire_blood_bottle":2,"vampirism:item_tent":2,"minecraft:salmon":2,"minecraft:cut_sandstone":2,"minecraft:leather":19,"minecraft:filled_map":2,"waystones:sandy_waystone":1,"minecraft:oak_log":1,"minecraft:lily_pad":7,"minecraft:gunpowder":2,"minecraft:white_banner":2,"minecraft:orange_terracotta":2,"minecraft:stone_bricks":1,"minecraft:kelp":15,"minecraft:rabbit_hide":1,"minecraft:iron_ingot":53,"minecraft:stone_pickaxe":4,"minecraft:cobweb":9,"minecraft:iron_ore":289,"arthas_rpg_arms:lightning_sword":1,"minecraft:glass_bottle":17,"minecraft:iron_sword":7,"vampirism:pure_salt":2,"arthas_rpg_arms:devoid_chestplate":2,"minecraft:emerald_block":9,"minecraft:sweet_berries":65,"minecraft:pumpkin":1,"vampirism:fire_place":3,"minecraft:stone_brick_slab":3,"minecraft:quartz":1,"minecraft:dandelion":2,"minecraft:gravel":4,"arthas_rpg_arms:ebonite_sword":3,"minecraft:spruce_sapling":1,"minecraft:spruce_log":9,"minecraft:white_bed":17,"vampirism:altar_infusion":2,"minecraft:gold_ore":66,"vampirism:hunter_axe_ultimate":2,"minecraft:spider_eye":12,"vampiresneedumbrellas:white_iron_umbrella":2,"arthas_rpg_arms:iron_blowgun":1,"minecraft:gray_wool":2,"vampirism:vampire_orchid":8,"minecraft:coal":291},"minecraft:killed":{"vampirism:vampire":4,"minecraft:cave_spider":5,"minecraft:spider":9,"minecraft:skeleton":9,"minecraft:chicken":5,"minecraft:zombie_villager":1,"minecraft:salmon":3,"minecraft:creeper":2,"minecraft:pillager":1,"minecraft:zombie":7,"minecraft:cow":13,"minecraft:vindicator":2,"minecraft:rabbit":1}},"DataVersion":2586}