{"stats":{"minecraft:mined":{"vampirism:fire_place":3},"minecraft:used":{"vampirism:fire_place":2},"minecraft:picked_up":{"vampirism:fire_place":3},"minecraft:custom":{"minecraft:jump":137,"minecraft:time_since_rest":5252,"minecraft:play_one_minute":5252,"minecraft:damage_taken":200,"minecraft:leave_game":2,"minecraft:sprint_one_cm":13206,"minecraft:time_since_death":5252,"minecraft:walk_on_water_one_cm":6296,"minecraft:walk_one_cm":17889,"minecraft:sneak_time":2,"minecraft:walk_under_water_one_cm":1900,"minecraft:swim_one_cm":13387,"minecraft:fall_one_cm":3916,"minecraft:fly_one_cm":13590}},"DataVersion":2586}