{"stats":{"minecraft:killed":{"minecraft:vindicator":1,"minecraft:skeleton":1,"minecraft:chicken":1},"minecraft:custom":{"minecraft:interact_with_furnace":10,"minecraft:mob_kills":3,"minecraft:interact_with_crafting_table":11,"minecraft:play_one_minute":60089,"minecraft:leave_game":3,"minecraft:time_since_death":32356,"minecraft:sleep_in_bed":4,"minecraft:climb_one_cm":2050,"minecraft:time_since_rest":0,"minecraft:waystone_activated":1,"minecraft:sprint_one_cm":215672,"minecraft:damage_taken":2215,"minecraft:walk_one_cm":215485,"minecraft:damage_blocked_by_shield":420,"minecraft:damage_dealt":592,"minecraft:swim_one_cm":41240,"minecraft:fly_one_cm":171533,"minecraft:open_chest":6,"minecraft:crouch_one_cm":274,"minecraft:deaths":6,"minecraft:sneak_time":111,"minecraft:walk_under_water_one_cm":8637,"minecraft:jump":1375,"minecraft:walk_on_water_one_cm":26076,"minecraft:fall_one_cm":29653},"minecraft:mined":{"minecraft:spruce_planks":1,"vampirism:tent_main":1,"minecraft:crafting_table":1,"minecraft:torch":1,"minecraft:spruce_leaves":3,"minecraft:wall_torch":1,"minecraft:hay_block":13,"minecraft:iron_ore":11,"minecraft:sweet_berry_bush":3,"minecraft:spruce_log":9,"vampirism:tent":1,"minecraft:grass":2,"minecraft:oak_log":1,"minecraft:coal_ore":51,"vampirism:fire_place":3,"minecraft:gravel":2,"minecraft:stone":35},"minecraft:used":{"vampirism:fire_place":2,"minecraft:stone_sword":1,"minecraft:stone_pickaxe":37,"minecraft:chest":1,"minecraft:wooden_pickaxe":6,"minecraft:spruce_planks":1,"minecraft:shield":10,"minecraft:stone":3,"minecraft:iron_sword":7,"minecraft:torch":25,"minecraft:crafting_table":4,"minecraft:white_bed":2,"vampirism:item_tent":2,"minecraft:chicken":1,"minecraft:bread":13,"minecraft:iron_pickaxe":54,"minecraft:gravel":2,"minecraft:cobblestone":17,"minecraft:sweet_berries":9,"minecraft:furnace":1,"minecraft:andesite":1,"minecraft:egg":4,"minecraft:potato":7},"minecraft:picked_up":{"minecraft:crafting_table":4,"minecraft:wheat":66,"vampirism:item_tent":2,"minecraft:chicken":1,"minecraft:andesite":1,"minecraft:wooden_pickaxe":1,"minecraft:oak_log":1,"minecraft:bone":1,"minecraft:spruce_planks":2,"minecraft:iron_ingot":6,"minecraft:stone_pickaxe":2,"minecraft:iron_ore":11,"minecraft:egg":4,"minecraft:furnace":2,"minecraft:stick":3,"minecraft:sweet_berries":8,"vampirism:fire_place":3,"minecraft:torch":5,"minecraft:gravel":2,"minecraft:white_bed":4,"minecraft:spruce_log":9,"minecraft:stone_sword":1,"minecraft:arrow":2,"minecraft:hay_block":13,"minecraft:bread":11,"minecraft:coal":138,"minecraft:cobblestone":55},"minecraft:killed_by":{"minecraft:vindicator":3,"minecraft:skeleton":1,"minecraft:creeper":1,"minecraft:zombie":1},"minecraft:crafted":{"minecraft:oak_planks":4,"minecraft:crafting_table":1,"minecraft:spruce_planks":36,"minecraft:wooden_pickaxe":1,"minecraft:iron_sword":1,"minecraft:stone":3,"minecraft:bread":39,"minecraft:shield":1,"minecraft:stick":32,"minecraft:iron_ingot":8,"minecraft:iron_pickaxe":1,"minecraft:stone_pickaxe":1,"minecraft:stone_sword":1,"minecraft:chest":1,"minecraft:torch":76,"minecraft:wheat":117}},"DataVersion":2586}