{"stats":{"minecraft:dropped":{"minecraft:stone_sword":1,"minecraft:stone_pickaxe":2},"minecraft:killed":{"minecraft:cave_spider":3,"minecraft:spider":2,"minecraft:vindicator":2,"minecraft:creeper":1,"minecraft:skeleton":1,"minecraft:pillager":1,"minecraft:zombie":1,"minecraft:chicken":4,"minecraft:cow":4},"minecraft:custom":{"minecraft:interact_with_furnace":16,"minecraft:mob_kills":19,"minecraft:interact_with_crafting_table":15,"minecraft:play_one_minute":107510,"minecraft:leave_game":4,"minecraft:time_since_death":1672,"minecraft:sleep_in_bed":8,"minecraft:climb_one_cm":2492,"minecraft:time_since_rest":1741,"minecraft:waystone_activated":1,"minecraft:sprint_one_cm":396874,"minecraft:damage_taken":3482,"minecraft:walk_one_cm":484886,"minecraft:damage_blocked_by_shield":1420,"minecraft:drop":3,"minecraft:damage_dealt":2571,"minecraft:swim_one_cm":42741,"minecraft:fly_one_cm":260802,"minecraft:open_chest":13,"minecraft:crouch_one_cm":379,"minecraft:deaths":9,"minecraft:sneak_time":148,"minecraft:walk_under_water_one_cm":9199,"minecraft:jump":2421,"minecraft:walk_on_water_one_cm":32199,"minecraft:fall_one_cm":46070},"minecraft:mined":{"minecraft:spruce_planks":1,"vampirism:tent_main":1,"minecraft:crafting_table":1,"minecraft:torch":1,"minecraft:grass_block":7,"minecraft:cobblestone":1,"minecraft:spruce_leaves":9,"minecraft:sugar_cane":2,"minecraft:diorite":6,"minecraft:wall_torch":2,"minecraft:spawner":1,"minecraft:hay_block":13,"minecraft:iron_ore":17,"minecraft:fire":1,"minecraft:sweet_berry_bush":3,"minecraft:spruce_log":9,"minecraft:stripped_spruce_log":4,"vampirism:tent":1,"minecraft:grass":2,"minecraft:oak_log":1,"minecraft:coal_ore":51,"vampirism:fire_place":3,"minecraft:gravel":2,"minecraft:dirt":3,"minecraft:cobweb":4,"minecraft:stone":68,"minecraft:fern":2},"minecraft:used":{"vampirism:fire_place":2,"minecraft:stone_sword":11,"minecraft:stone_pickaxe":37,"minecraft:wooden_pickaxe":6,"minecraft:chest":1,"minecraft:stone":4,"minecraft:spruce_planks":1,"minecraft:shield":31,"minecraft:iron_sword":48,"minecraft:torch":41,"minecraft:dirt":4,"minecraft:crafting_table":5,"minecraft:white_bed":2,"vampirism:item_tent":2,"minecraft:chicken":1,"minecraft:bread":25,"minecraft:iron_pickaxe":101,"minecraft:gravel":2,"minecraft:cobblestone":29,"minecraft:sweet_berries":25,"minecraft:furnace":1,"minecraft:white_banner":1,"minecraft:andesite":1,"minecraft:egg":4,"minecraft:potato":7},"minecraft:picked_up":{"minecraft:coarse_dirt":4,"minecraft:iron_chestplate":1,"minecraft:crafting_table":4,"minecraft:wheat":66,"minecraft:feather":8,"vampirism:item_tent":2,"minecraft:chicken":7,"minecraft:andesite":1,"minecraft:leather":8,"minecraft:wooden_pickaxe":1,"minecraft:oak_log":1,"minecraft:shield":3,"minecraft:dirt":9,"minecraft:string":29,"minecraft:white_banner":2,"minecraft:bone":1,"minecraft:spruce_planks":2,"minecraft:iron_ingot":6,"minecraft:beef":4,"minecraft:stone_pickaxe":4,"minecraft:iron_ore":16,"minecraft:iron_pickaxe":2,"minecraft:sugar_cane":6,"minecraft:iron_sword":2,"minecraft:egg":8,"minecraft:furnace":2,"minecraft:stick":3,"minecraft:sweet_berries":65,"vampirism:fire_place":3,"minecraft:torch":110,"minecraft:gravel":2,"minecraft:stripped_spruce_log":3,"minecraft:diorite":6,"minecraft:white_bed":4,"minecraft:spruce_log":9,"minecraft:spider_eye":1,"minecraft:stone_sword":4,"minecraft:arrow":6,"minecraft:hay_block":13,"minecraft:golden_apple":1,"minecraft:bread":54,"minecraft:coal":138,"minecraft:cobblestone":89},"minecraft:killed_by":{"minecraft:vindicator":3,"minecraft:player":1,"minecraft:skeleton":2,"minecraft:creeper":1,"minecraft:zombie":2},"minecraft:crafted":{"minecraft:oak_planks":4,"sophisticatedbackpacks:backpack":1,"minecraft:crafting_table":2,"minecraft:spruce_planks":48,"minecraft:wooden_pickaxe":1,"minecraft:iron_sword":1,"minecraft:stone":4,"minecraft:bread":39,"minecraft:iron_chestplate":1,"minecraft:shield":1,"minecraft:stick":32,"minecraft:iron_ingot":11,"minecraft:iron_pickaxe":1,"minecraft:stone_pickaxe":1,"minecraft:stone_sword":1,"minecraft:chest":2,"minecraft:torch":76,"minecraft:wheat":117}},"DataVersion":2586}