{"stats":{"minecraft:dropped":{"minecraft:stone_sword":1,"vampirism:obi_belt":1,"vampirism:holy_water_bottle_enhanced":1,"sophisticatedbackpacks:backpack":1,"minecraft:iron_leggings":1,"minecraft:spider_eye":3,"minecraft:stone_pickaxe":2},"minecraft:killed":{"minecraft:cave_spider":5,"minecraft:spider":2,"minecraft:vindicator":2,"minecraft:creeper":1,"minecraft:skeleton":1,"minecraft:pillager":1,"minecraft:zombie":1,"minecraft:chicken":4,"minecraft:cow":10},"minecraft:custom":{"minecraft:interact_with_furnace":19,"minecraft:mob_kills":27,"minecraft:interact_with_crafting_table":19,"minecraft:play_one_minute":125510,"minecraft:leave_game":4,"minecraft:time_since_death":19672,"minecraft:sleep_in_bed":11,"minecraft:climb_one_cm":2492,"minecraft:time_since_rest":0,"minecraft:waystone_activated":1,"minecraft:sprint_one_cm":464964,"minecraft:damage_taken":3787,"minecraft:walk_one_cm":568828,"minecraft:damage_blocked_by_shield":1450,"minecraft:drop":10,"minecraft:damage_dealt":3388,"minecraft:swim_one_cm":43773,"minecraft:fly_one_cm":288569,"minecraft:open_chest":13,"minecraft:crouch_one_cm":379,"minecraft:deaths":9,"minecraft:sneak_time":148,"minecraft:walk_under_water_one_cm":9545,"minecraft:jump":2798,"minecraft:walk_on_water_one_cm":33702,"minecraft:fall_one_cm":54017},"minecraft:mined":{"minecraft:spruce_planks":1,"minecraft:white_bed":2,"vampirism:tent_main":1,"minecraft:crafting_table":1,"minecraft:torch":2,"minecraft:grass_block":7,"minecraft:chest":1,"minecraft:cobblestone":1,"minecraft:spruce_leaves":9,"minecraft:sugar_cane":2,"minecraft:diorite":6,"minecraft:wall_torch":2,"minecraft:spawner":1,"minecraft:hay_block":13,"minecraft:iron_ore":17,"minecraft:fire":1,"minecraft:sweet_berry_bush":3,"minecraft:spruce_log":9,"minecraft:stripped_spruce_log":4,"vampirism:tent":1,"minecraft:grass":3,"minecraft:oak_log":1,"minecraft:coal_ore":51,"vampirism:fire_place":3,"minecraft:gravel":2,"minecraft:dirt":3,"minecraft:cobweb":4,"minecraft:stone":68,"minecraft:fern":2},"minecraft:used":{"vampirism:fire_place":2,"minecraft:stone_sword":11,"minecraft:stone_pickaxe":37,"minecraft:wooden_pickaxe":6,"minecraft:chest":1,"minecraft:stone":4,"minecraft:spruce_planks":1,"minecraft:shield":32,"minecraft:iron_sword":65,"minecraft:torch":41,"minecraft:dirt":4,"minecraft:crafting_table":5,"minecraft:white_bed":4,"vampirism:item_tent":2,"minecraft:chicken":1,"minecraft:bread":31,"minecraft:iron_pickaxe":102,"minecraft:gravel":2,"minecraft:cobblestone":29,"minecraft:sweet_berries":25,"minecraft:furnace":1,"minecraft:white_banner":1,"minecraft:andesite":1,"minecraft:egg":4,"minecraft:potato":7},"minecraft:picked_up":{"minecraft:coarse_dirt":4,"minecraft:iron_chestplate":2,"minecraft:crafting_table":4,"minecraft:wheat":66,"minecraft:feather":12,"vampirism:item_tent":2,"minecraft:chicken":7,"minecraft:andesite":1,"minecraft:leather":13,"minecraft:wooden_pickaxe":1,"minecraft:oak_log":1,"minecraft:shield":4,"minecraft:gunpowder":2,"minecraft:lapis_lazuli":6,"minecraft:dirt":9,"minecraft:string":67,"minecraft:white_banner":2,"minecraft:bone":1,"vampirism:obi_belt":1,"minecraft:wheat_seeds":1,"minecraft:spruce_planks":5,"minecraft:iron_ingot":30,"minecraft:beef":10,"minecraft:stone_pickaxe":4,"minecraft:iron_ore":16,"minecraft:iron_pickaxe":3,"minecraft:sugar_cane":6,"minecraft:chest":1,"minecraft:iron_sword":3,"minecraft:egg":10,"minecraft:furnace":2,"minecraft:stick":3,"minecraft:sweet_berries":65,"vampirism:fire_place":3,"minecraft:torch":159,"sophisticatedbackpacks:backpack":1,"minecraft:gravel":2,"vampirism:holy_water_bottle_enhanced":1,"minecraft:stripped_spruce_log":3,"minecraft:diorite":12,"minecraft:white_bed":6,"minecraft:spruce_log":9,"minecraft:spider_eye":4,"minecraft:stone_sword":5,"minecraft:arrow":6,"waystones:waystone":1,"minecraft:hay_block":13,"minecraft:golden_apple":1,"minecraft:bread":69,"minecraft:rail":14,"minecraft:coal":149,"minecraft:cobblestone":94},"minecraft:killed_by":{"minecraft:vindicator":3,"minecraft:player":1,"minecraft:skeleton":2,"minecraft:creeper":1,"minecraft:zombie":2},"minecraft:crafted":{"minecraft:oak_planks":4,"sophisticatedbackpacks:backpack":2,"minecraft:crafting_table":2,"minecraft:spruce_planks":48,"minecraft:wooden_pickaxe":1,"minecraft:iron_sword":1,"minecraft:stone":4,"minecraft:bread":39,"minecraft:iron_chestplate":1,"minecraft:shield":1,"minecraft:stick":32,"minecraft:iron_ingot":11,"minecraft:iron_pickaxe":1,"minecraft:stone_pickaxe":1,"minecraft:stone_sword":1,"minecraft:chest":2,"minecraft:iron_leggings":2,"minecraft:torch":76,"sophisticatedbackpacks:iron_backpack":1,"minecraft:wheat":117}},"DataVersion":2586}