{"stats":{"minecraft:killed":{"minecraft:spider":1,"minecraft:vindicator":2,"minecraft:skeleton":1,"minecraft:pillager":1,"minecraft:zombie":1,"minecraft:chicken":4,"minecraft:cow":4},"minecraft:dropped":{"minecraft:stone_sword":1,"minecraft:stone_pickaxe":2},"minecraft:custom":{"minecraft:interact_with_furnace":16,"minecraft:mob_kills":14,"minecraft:interact_with_crafting_table":14,"minecraft:play_one_minute":95510,"minecraft:leave_game":4,"minecraft:time_since_death":3416,"minecraft:sleep_in_bed":8,"minecraft:climb_one_cm":2492,"minecraft:time_since_rest":2271,"minecraft:waystone_activated":1,"minecraft:sprint_one_cm":373365,"minecraft:damage_taken":3054,"minecraft:walk_one_cm":416506,"minecraft:damage_blocked_by_shield":1240,"minecraft:drop":3,"minecraft:damage_dealt":1971,"minecraft:swim_one_cm":42741,"minecraft:fly_one_cm":256224,"minecraft:open_chest":13,"minecraft:crouch_one_cm":379,"minecraft:deaths":8,"minecraft:sneak_time":139,"minecraft:walk_under_water_one_cm":9199,"minecraft:jump":2290,"minecraft:walk_on_water_one_cm":32105,"minecraft:fall_one_cm":43010},"minecraft:mined":{"minecraft:spruce_planks":1,"vampirism:tent_main":1,"minecraft:crafting_table":1,"minecraft:torch":1,"minecraft:cobblestone":1,"minecraft:spruce_leaves":9,"minecraft:sugar_cane":2,"minecraft:wall_torch":1,"minecraft:hay_block":13,"minecraft:iron_ore":11,"minecraft:sweet_berry_bush":3,"minecraft:spruce_log":9,"vampirism:tent":1,"minecraft:grass":2,"minecraft:oak_log":1,"minecraft:coal_ore":51,"vampirism:fire_place":3,"minecraft:gravel":2,"minecraft:stone":38,"minecraft:fern":2},"minecraft:used":{"vampirism:fire_place":2,"minecraft:stone_sword":11,"minecraft:stone_pickaxe":37,"minecraft:wooden_pickaxe":6,"minecraft:chest":1,"minecraft:stone":4,"minecraft:spruce_planks":1,"minecraft:shield":22,"minecraft:iron_sword":29,"minecraft:torch":28,"minecraft:crafting_table":4,"minecraft:white_bed":2,"vampirism:item_tent":2,"minecraft:chicken":1,"minecraft:bread":22,"minecraft:iron_pickaxe":58,"minecraft:gravel":2,"minecraft:cobblestone":21,"minecraft:sweet_berries":17,"minecraft:furnace":1,"minecraft:white_banner":1,"minecraft:andesite":1,"minecraft:egg":4,"minecraft:potato":7},"minecraft:picked_up":{"minecraft:iron_chestplate":1,"minecraft:crafting_table":4,"minecraft:wheat":66,"minecraft:feather":8,"vampirism:item_tent":2,"minecraft:chicken":7,"minecraft:andesite":1,"minecraft:leather":8,"minecraft:wooden_pickaxe":1,"minecraft:oak_log":1,"minecraft:shield":3,"minecraft:string":1,"minecraft:white_banner":2,"minecraft:bone":1,"minecraft:spruce_planks":2,"minecraft:iron_ingot":6,"minecraft:beef":4,"minecraft:stone_pickaxe":4,"minecraft:iron_ore":11,"minecraft:iron_pickaxe":2,"minecraft:sugar_cane":6,"minecraft:iron_sword":2,"minecraft:egg":8,"minecraft:furnace":2,"minecraft:stick":3,"minecraft:sweet_berries":49,"vampirism:fire_place":3,"minecraft:torch":109,"minecraft:gravel":2,"minecraft:white_bed":4,"minecraft:spruce_log":9,"minecraft:stone_sword":4,"minecraft:arrow":6,"minecraft:hay_block":13,"minecraft:bread":54,"minecraft:coal":138,"minecraft:cobblestone":59},"minecraft:killed_by":{"minecraft:vindicator":3,"minecraft:skeleton":2,"minecraft:creeper":1,"minecraft:zombie":2},"minecraft:crafted":{"minecraft:oak_planks":4,"minecraft:crafting_table":1,"minecraft:spruce_planks":36,"minecraft:wooden_pickaxe":1,"minecraft:iron_sword":1,"minecraft:stone":4,"minecraft:bread":39,"minecraft:iron_chestplate":1,"minecraft:shield":1,"minecraft:stick":32,"minecraft:iron_ingot":11,"minecraft:iron_pickaxe":1,"minecraft:stone_pickaxe":1,"minecraft:stone_sword":1,"minecraft:chest":1,"minecraft:torch":76,"minecraft:wheat":117}},"DataVersion":2586}