{"stats":{"minecraft:killed":{"vampirism:vampire":3,"minecraft:cave_spider":5,"minecraft:spider":2,"minecraft:vindicator":2,"minecraft:skeleton":1,"minecraft:chicken":5,"minecraft:salmon":3,"minecraft:creeper":1,"minecraft:pillager":1,"minecraft:zombie":1,"minecraft:cow":10},"minecraft:custom":{"minecraft:mob_kills":35,"minecraft:interact_with_crafting_table":25,"minecraft:damage_dealt_resisted":183,"minecraft:leave_game":7,"minecraft:time_since_death":42456,"minecraft:climb_one_cm":3655,"minecraft:sprint_one_cm":633060,"minecraft:walk_one_cm":792997,"minecraft:damage_blocked_by_shield":2620,"minecraft:drop":69,"minecraft:talked_to_villager":1,"minecraft:deaths":11,"minecraft:sneak_time":380,"minecraft:walk_under_water_one_cm":15138,"minecraft:boat_one_cm":115382,"minecraft:jump":4014,"minecraft:walk_on_water_one_cm":66622,"minecraft:interact_with_furnace":36,"minecraft:play_one_minute":209053,"minecraft:sleep_in_bed":15,"minecraft:time_since_rest":6687,"minecraft:waystone_activated":1,"minecraft:damage_taken":4879,"minecraft:open_enderchest":2,"minecraft:damage_dealt":4251,"minecraft:interact_with_beacon":1,"minecraft:swim_one_cm":74927,"minecraft:fly_one_cm":440980,"minecraft:crouch_one_cm":446,"minecraft:open_chest":22,"minecraft:fall_one_cm":82545},"minecraft:dropped":{"vampirism:item_garlic":14,"sophisticatedbackpacks:iron_backpack":1,"minecraft:iron_ingot":2,"minecraft:iron_sword":1,"vampirism:stake":1,"vampirism:pure_salt":2,"arthas_rpg_arms:the_axe_of_quiet":1,"vampirism:hunter_table":1,"minecraft:cobweb":4,"arthas_rpg_arms:skywarp":2,"minecraft:iron_leggings":2,"minecraft:iron_axe":1,"minecraft:iron_pickaxe":1,"minecraft:lily_pad":7,"arthas_rpg_arms:soul_hunter_leggings":1,"minecraft:white_wool":1,"minecraft:kelp":15,"minecraft:stone_sword":1,"vampirism:holy_water_bottle_normal":4,"vampirism:obi_belt":1,"vampirism:hunter_coat_head_ultimate":1,"vampirism:holy_water_bottle_enhanced":4,"minecraft:iron_boots":2,"sophisticatedbackpacks:backpack":2,"minecraft:white_bed":2,"arthas_rpg_arms:slime_boots":1,"vampirism:soul_orb_vampire":4,"minecraft:spruce_boat":1,"vampirism:vampire_blood_bottle":2,"minecraft:iron_chestplate":1,"minecraft:chest":1,"vampirism:hunter_axe_ultimate":2,"minecraft:spider_eye":3,"minecraft:iron_ore":18,"arthas_rpg_arms:soul_hunter_boots":1,"minecraft:stone_pickaxe":2,"arthas_rpg_arms:crystal_heart":1},"minecraft:mined":{"minecraft:spruce_planks":1,"minecraft:white_bed":7,"arthas_rpg_arms:vase":2,"minecraft:grass_block":7,"vampirism:vampire_orchid":4,"minecraft:spruce_leaves":9,"vampirism:hunter_table":1,"minecraft:spawner":1,"minecraft:hay_block":13,"minecraft:glowstone":12,"minecraft:furnace":3,"minecraft:iron_ore":17,"minecraft:fire":1,"minecraft:stripped_spruce_log":4,"minecraft:pumpkin":1,"vampirism:tent":1,"minecraft:vine":1,"minecraft:stone":70,"minecraft:stone_brick_slab":3,"vampirism:cursed_spruce_log":1,"vampirism:tent_main":1,"minecraft:crafting_table":3,"minecraft:torch":2,"minecraft:chest":2,"minecraft:cobblestone":1,"minecraft:sugar_cane":2,"minecraft:diorite":6,"minecraft:wall_torch":2,"minecraft:cactus":1,"minecraft:sweet_berry_bush":3,"minecraft:spruce_log":9,"vampirism:med_chair":1,"vampirism:cursed_roots":1,"minecraft:stone_brick_stairs":2,"minecraft:grass":7,"vampirism:garlic":5,"minecraft:coal_ore":56,"minecraft:oak_log":1,"vampirism:fire_place":3,"minecraft:sand":17,"minecraft:gravel":4,"minecraft:dirt":3,"minecraft:cobweb":4,"minecraft:stone_bricks":1,"minecraft:oak_leaves":2,"minecraft:emerald_block":9,"minecraft:fern":2},"minecraft:used":{"minecraft:stone_sword":11,"minecraft:chest":1,"minecraft:spruce_planks":1,"minecraft:shield":53,"minecraft:stone":4,"minecraft:iron_sword":87,"minecraft:torch":41,"minecraft:dirt":4,"minecraft:spruce_boat":1,"minecraft:stone_brick_slab":3,"vampirism:item_tent":2,"minecraft:stone_brick_stairs":2,"minecraft:stone_bricks":1,"minecraft:beef":3,"minecraft:sweet_berries":25,"minecraft:furnace":3,"minecraft:egg":6,"minecraft:cooked_beef":3,"minecraft:potato":7,"vampirism:fire_place":2,"minecraft:stone_pickaxe":37,"minecraft:wooden_pickaxe":6,"minecraft:salmon":2,"minecraft:sand":8,"minecraft:crafting_table":7,"minecraft:white_bed":9,"minecraft:chicken":2,"minecraft:bread":42,"minecraft:iron_pickaxe":145,"minecraft:gravel":4,"minecraft:cobblestone":29,"vampirism:cursed_spruce_log":1,"minecraft:white_banner":1,"minecraft:andesite":1},"minecraft:picked_up":{"minecraft:iron_chestplate":4,"minecraft:coarse_dirt":4,"minecraft:crafting_table":8,"minecraft:wheat":67,"minecraft:chicken":8,"arthas_rpg_arms:crystal_heart":3,"arthas_rpg_arms:skywarp":3,"arthas_rpg_arms:ring_of_stamina":1,"minecraft:wooden_pickaxe":1,"arthas_rpg_arms:slime_boots":1,"minecraft:enchanted_book":2,"minecraft:stone_brick_stairs":2,"minecraft:shield":5,"vampirism:hunter_coat_head_ultimate":1,"vampirism:holy_water_bottle_normal":4,"minecraft:string":67,"arthas_rpg_arms:guardian_leggings":1,"minecraft:iron_axe":1,"minecraft:iron_leggings":2,"arthas_rpg_arms:guardian_chestplate":1,"arthas_rpg_arms:the_axe_of_quiet":1,"arthas_rpg_arms:life_leech":1,"minecraft:glass_pane":15,"vampirism:obi_belt":1,"minecraft:spruce_planks":17,"minecraft:beef":19,"minecraft:iron_pickaxe":5,"minecraft:sugar_cane":6,"minecraft:chest":2,"minecraft:furnace":4,"minecraft:iron_boots":2,"minecraft:egg":12,"minecraft:stick":17,"minecraft:torch":209,"sophisticatedbackpacks:backpack":2,"arthas_rpg_arms:soul_hunter_boots":1,"vampirism:holy_water_bottle_enhanced":4,"arthas_rpg_arms:spiked_shield":1,"vampirism:vampire_fang":5,"minecraft:diorite":16,"arthas_rpg_arms:hammer_of_agnes":1,"arthas_rpg_arms:soul_hunter_leggings":1,"arthas_rpg_arms:ward":1,"vampirism:hunter_table":1,"minecraft:stone_sword":5,"minecraft:arrow":8,"minecraft:hay_block":13,"arthas_rpg_arms:guardian_helmet":1,"arthas_rpg_arms:guardian_boots":1,"arthas_rpg_arms:aetheric_boots":1,"minecraft:rail":14,"minecraft:cobblestone":96,"vampirism:vampire_book":1,"minecraft:feather":12,"vampirism:vampire_blood_bottle":2,"minecraft:cooked_beef":8,"vampirism:med_chair":1,"vampirism:item_tent":2,"minecraft:salmon":2,"minecraft:andesite":1,"minecraft:leather":13,"vampirism:stake":1,"minecraft:oak_log":1,"minecraft:lily_pad":7,"arthas_rpg_arms:vase":2,"minecraft:gunpowder":2,"minecraft:lapis_lazuli":6,"minecraft:dirt":9,"minecraft:white_banner":2,"arthas_rpg_arms:instant_repair_kit":1,"vampirism:soul_orb_vampire":4,"minecraft:bone":1,"minecraft:stone_bricks":1,"minecraft:kelp":15,"minecraft:wheat_seeds":3,"vampirism:item_garlic":14,"minecraft:iron_ingot":34,"minecraft:stone_pickaxe":4,"minecraft:cobweb":9,"minecraft:iron_ore":26,"minecraft:glass_bottle":8,"minecraft:glowstone_dust":32,"minecraft:iron_sword":5,"vampirism:pure_salt":2,"arthas_rpg_arms:devoid_chestplate":1,"vampirism:cursed_spruce_log":1,"minecraft:emerald_block":9,"minecraft:pumpkin":1,"minecraft:sweet_berries":65,"vampirism:fire_place":3,"minecraft:stone_brick_slab":3,"minecraft:dandelion":2,"minecraft:gravel":4,"minecraft:sand":17,"minecraft:stripped_spruce_log":3,"minecraft:spruce_sapling":1,"sophisticatedbackpacks:iron_backpack":2,"minecraft:white_bed":15,"minecraft:spruce_log":9,"vampirism:hunter_axe_ultimate":2,"minecraft:spider_eye":4,"vampiresneedumbrellas:white_iron_umbrella":1,"arthas_rpg_arms:iron_blowgun":1,"minecraft:spruce_boat":4,"waystones:waystone":2,"minecraft:golden_apple":2,"minecraft:bread":69,"vampirism:vampire_orchid":8,"minecraft:coal":177},"minecraft:killed_by":{"minecraft:player":1,"minecraft:creeper":1,"minecraft:vindicator":3,"minecraft:skeleton":3,"minecraft:zombie":2,"vampirism:vampire":1},"minecraft:crafted":{"minecraft:oak_planks":4,"vampiresneedumbrellas:iron_umbrella_rod":2,"minecraft:stone":4,"minecraft:white_carpet":3,"minecraft:glass":2,"minecraft:iron_boots":1,"minecraft:stone_pickaxe":1,"minecraft:chest":2,"sophisticatedbackpacks:iron_backpack":1,"minecraft:wheat":117,"sophisticatedbackpacks:backpack":2,"minecraft:crafting_table":2,"minecraft:spruce_planks":48,"minecraft:wooden_pickaxe":1,"minecraft:iron_sword":1,"vampiresneedumbrellas:white_iron_umbrella":1,"minecraft:bread":39,"minecraft:white_wool":3,"minecraft:iron_chestplate":1,"minecraft:shield":1,"minecraft:stick":32,"minecraft:iron_ingot":13,"minecraft:iron_pickaxe":1,"minecraft:stone_sword":1,"minecraft:iron_leggings":2,"minecraft:torch":76}},"DataVersion":2586}