{"stats":{"minecraft:mined":{"minecraft:hay_block":13,"minecraft:sweet_berry_bush":3,"minecraft:spruce_log":2,"minecraft:grass":2,"minecraft:coal_ore":11,"minecraft:oak_log":1,"vampirism:fire_place":3,"minecraft:stone":9},"minecraft:crafted":{"minecraft:oak_planks":4,"minecraft:crafting_table":1,"minecraft:stick":8,"minecraft:spruce_planks":8,"minecraft:wooden_pickaxe":1,"minecraft:stone_pickaxe":1,"minecraft:stone_sword":1,"minecraft:bread":14,"minecraft:wheat":108},"minecraft:killed_by":{"minecraft:vindicator":3,"minecraft:skeleton":1,"minecraft:creeper":1,"minecraft:zombie":1},"minecraft:used":{"vampirism:fire_place":2,"minecraft:chicken":1,"minecraft:bread":5,"minecraft:stone_pickaxe":14,"minecraft:wooden_pickaxe":6,"minecraft:sweet_berries":9,"minecraft:crafting_table":1,"minecraft:egg":3,"minecraft:potato":7},"minecraft:killed":{"minecraft:chicken":1,"minecraft:vindicator":1},"minecraft:picked_up":{"minecraft:crafting_table":1,"minecraft:chicken":1,"minecraft:sweet_berries":8,"vampirism:fire_place":3,"minecraft:torch":1,"minecraft:oak_log":1,"minecraft:white_bed":2,"minecraft:spruce_log":2,"minecraft:hay_block":12,"minecraft:iron_ingot":3,"minecraft:coal":49,"minecraft:furnace":1,"minecraft:cobblestone":12,"minecraft:egg":3},"minecraft:custom":{"minecraft:time_since_rest":951,"minecraft:waystone_activated":1,"minecraft:damage_taken":1985,"minecraft:sprint_one_cm":129622,"minecraft:walk_one_cm":101364,"minecraft:mob_kills":2,"minecraft:damage_dealt":169,"minecraft:swim_one_cm":37802,"minecraft:interact_with_crafting_table":4,"minecraft:fly_one_cm":101329,"minecraft:open_chest":2,"minecraft:play_one_minute":28629,"minecraft:deaths":6,"minecraft:sneak_time":2,"minecraft:walk_under_water_one_cm":5893,"minecraft:jump":729,"minecraft:leave_game":2,"minecraft:time_since_death":896,"minecraft:walk_on_water_one_cm":16351,"minecraft:sleep_in_bed":1,"minecraft:climb_one_cm":1738,"minecraft:fall_one_cm":17226}},"DataVersion":2586}