{"stats":{"minecraft:mined":{"minecraft:hay_block":13,"minecraft:sweet_berry_bush":3,"minecraft:spruce_log":4,"vampirism:tent_main":1,"minecraft:crafting_table":1,"vampirism:tent":1,"minecraft:grass":2,"minecraft:coal_ore":11,"minecraft:oak_log":1,"vampirism:fire_place":3,"minecraft:gravel":2,"minecraft:spruce_leaves":1,"minecraft:stone":9,"minecraft:wall_torch":1},"minecraft:crafted":{"minecraft:oak_planks":4,"minecraft:crafting_table":1,"minecraft:stick":24,"minecraft:spruce_planks":16,"minecraft:wooden_pickaxe":1,"minecraft:stone_pickaxe":1,"minecraft:stone_sword":1,"minecraft:torch":76,"minecraft:bread":17,"minecraft:wheat":117},"minecraft:killed_by":{"minecraft:vindicator":3,"minecraft:skeleton":1,"minecraft:creeper":1,"minecraft:zombie":1},"minecraft:used":{"vampirism:item_tent":2,"vampirism:fire_place":2,"minecraft:chicken":1,"minecraft:bread":7,"minecraft:stone_pickaxe":14,"minecraft:wooden_pickaxe":6,"minecraft:gravel":2,"minecraft:torch":6,"minecraft:cobblestone":17,"minecraft:sweet_berries":9,"minecraft:crafting_table":4,"minecraft:furnace":1,"minecraft:andesite":1,"minecraft:white_bed":2,"minecraft:egg":4,"minecraft:potato":7},"minecraft:killed":{"minecraft:chicken":1,"minecraft:vindicator":1},"minecraft:picked_up":{"minecraft:stick":3,"minecraft:wheat":66,"minecraft:crafting_table":4,"minecraft:chicken":1,"vampirism:item_tent":2,"minecraft:sweet_berries":8,"minecraft:andesite":1,"vampirism:fire_place":3,"minecraft:torch":3,"minecraft:wooden_pickaxe":1,"minecraft:gravel":2,"minecraft:oak_log":1,"minecraft:white_bed":4,"minecraft:spruce_log":4,"minecraft:stone_sword":1,"minecraft:spruce_planks":1,"minecraft:hay_block":13,"minecraft:iron_ingot":6,"minecraft:stone_pickaxe":1,"minecraft:bread":11,"minecraft:coal":98,"minecraft:furnace":2,"minecraft:cobblestone":29,"minecraft:egg":4},"minecraft:custom":{"minecraft:interact_with_furnace":3,"minecraft:time_since_rest":2949,"minecraft:waystone_activated":1,"minecraft:damage_taken":2055,"minecraft:sprint_one_cm":188649,"minecraft:walk_one_cm":137091,"minecraft:mob_kills":2,"minecraft:damage_dealt":169,"minecraft:swim_one_cm":41240,"minecraft:interact_with_crafting_table":5,"minecraft:fly_one_cm":153136,"minecraft:open_chest":2,"minecraft:crouch_one_cm":274,"minecraft:play_one_minute":40629,"minecraft:deaths":6,"minecraft:sneak_time":111,"minecraft:walk_under_water_one_cm":8494,"minecraft:jump":1057,"minecraft:leave_game":2,"minecraft:time_since_death":12896,"minecraft:walk_on_water_one_cm":23568,"minecraft:sleep_in_bed":2,"minecraft:climb_one_cm":2050,"minecraft:fall_one_cm":27178}},"DataVersion":2586}