{"stats":{"minecraft:mined":{"vampirism:fire_place":3,"minecraft:sweet_berry_bush":2},"minecraft:killed_by":{"minecraft:skeleton":1},"minecraft:used":{"vampirism:fire_place":2,"minecraft:chicken":1,"minecraft:bread":2,"minecraft:egg":1,"minecraft:potato":7},"minecraft:killed":{"minecraft:chicken":1},"minecraft:picked_up":{"minecraft:chicken":1,"minecraft:sweet_berries":5,"vampirism:fire_place":3,"minecraft:egg":1},"minecraft:custom":{"minecraft:open_chest":2,"minecraft:time_since_rest":11143,"minecraft:play_one_minute":16629,"minecraft:walk_one_cm":53899,"minecraft:sprint_one_cm":70508,"minecraft:damage_taken":440,"minecraft:deaths":1,"minecraft:sneak_time":2,"minecraft:walk_under_water_one_cm":4712,"minecraft:mob_kills":1,"minecraft:jump":461,"minecraft:damage_dealt":40,"minecraft:leave_game":2,"minecraft:walk_on_water_one_cm":13292,"minecraft:time_since_death":11114,"minecraft:climb_one_cm":312,"minecraft:swim_one_cm":31351,"minecraft:fall_one_cm":12081,"minecraft:fly_one_cm":59697}},"DataVersion":2586}