{"stats":{"minecraft:killed":{"minecraft:vindicator":2,"minecraft:skeleton":1,"minecraft:pillager":1,"minecraft:chicken":4,"minecraft:cow":4},"minecraft:dropped":{"minecraft:stone_sword":1,"minecraft:stone_pickaxe":2},"minecraft:custom":{"minecraft:interact_with_furnace":13,"minecraft:mob_kills":12,"minecraft:interact_with_crafting_table":14,"minecraft:play_one_minute":87065,"minecraft:leave_game":4,"minecraft:time_since_death":13861,"minecraft:sleep_in_bed":6,"minecraft:climb_one_cm":2492,"minecraft:time_since_rest":11322,"minecraft:waystone_activated":1,"minecraft:sprint_one_cm":357791,"minecraft:damage_taken":2706,"minecraft:walk_one_cm":366285,"minecraft:damage_blocked_by_shield":970,"minecraft:drop":3,"minecraft:damage_dealt":1514,"minecraft:swim_one_cm":42741,"minecraft:fly_one_cm":250938,"minecraft:open_chest":8,"minecraft:crouch_one_cm":379,"minecraft:deaths":7,"minecraft:sneak_time":139,"minecraft:walk_under_water_one_cm":9199,"minecraft:jump":2108,"minecraft:walk_on_water_one_cm":31605,"minecraft:fall_one_cm":39509},"minecraft:mined":{"minecraft:spruce_planks":1,"vampirism:tent_main":1,"minecraft:crafting_table":1,"minecraft:torch":1,"minecraft:spruce_leaves":9,"minecraft:sugar_cane":2,"minecraft:wall_torch":1,"minecraft:hay_block":13,"minecraft:iron_ore":11,"minecraft:sweet_berry_bush":3,"minecraft:spruce_log":9,"vampirism:tent":1,"minecraft:grass":2,"minecraft:oak_log":1,"minecraft:coal_ore":51,"vampirism:fire_place":3,"minecraft:gravel":2,"minecraft:stone":36},"minecraft:used":{"vampirism:fire_place":2,"minecraft:stone_sword":2,"minecraft:stone_pickaxe":37,"minecraft:chest":1,"minecraft:wooden_pickaxe":6,"minecraft:spruce_planks":1,"minecraft:shield":16,"minecraft:stone":4,"minecraft:iron_sword":26,"minecraft:torch":28,"minecraft:crafting_table":4,"minecraft:white_bed":2,"vampirism:item_tent":2,"minecraft:chicken":1,"minecraft:bread":20,"minecraft:iron_pickaxe":55,"minecraft:gravel":2,"minecraft:cobblestone":17,"minecraft:sweet_berries":17,"minecraft:white_banner":1,"minecraft:furnace":1,"minecraft:andesite":1,"minecraft:egg":4,"minecraft:potato":7},"minecraft:picked_up":{"minecraft:crafting_table":4,"minecraft:wheat":66,"minecraft:feather":4,"vampirism:item_tent":2,"minecraft:chicken":4,"minecraft:andesite":1,"minecraft:leather":4,"minecraft:wooden_pickaxe":1,"minecraft:shield":1,"minecraft:oak_log":1,"minecraft:white_banner":2,"minecraft:bone":1,"minecraft:spruce_planks":2,"minecraft:beef":4,"minecraft:iron_ingot":6,"minecraft:stone_pickaxe":4,"minecraft:iron_ore":11,"minecraft:iron_pickaxe":1,"minecraft:sugar_cane":4,"minecraft:iron_sword":1,"minecraft:egg":6,"minecraft:furnace":2,"minecraft:stick":3,"minecraft:sweet_berries":36,"vampirism:fire_place":3,"minecraft:torch":57,"minecraft:gravel":2,"minecraft:white_bed":4,"minecraft:spruce_log":9,"minecraft:stone_sword":3,"minecraft:arrow":4,"minecraft:hay_block":13,"minecraft:bread":35,"minecraft:coal":138,"minecraft:cobblestone":56},"minecraft:killed_by":{"minecraft:vindicator":3,"minecraft:skeleton":2,"minecraft:creeper":1,"minecraft:zombie":1},"minecraft:crafted":{"minecraft:oak_planks":4,"minecraft:crafting_table":1,"minecraft:spruce_planks":36,"minecraft:wooden_pickaxe":1,"minecraft:iron_sword":1,"minecraft:stone":4,"minecraft:bread":39,"minecraft:iron_chestplate":1,"minecraft:shield":1,"minecraft:stick":32,"minecraft:iron_ingot":11,"minecraft:iron_pickaxe":1,"minecraft:stone_pickaxe":1,"minecraft:stone_sword":1,"minecraft:chest":1,"minecraft:torch":76,"minecraft:wheat":117}},"DataVersion":2586}