{"stats":{"minecraft:killed":{"minecraft:cave_spider":5,"minecraft:vindicator":2,"minecraft:spider":2,"minecraft:skeleton":1,"minecraft:chicken":4,"minecraft:creeper":1,"minecraft:pillager":1,"minecraft:zombie":1,"minecraft:cow":10},"minecraft:custom":{"minecraft:mob_kills":27,"minecraft:interact_with_crafting_table":23,"minecraft:leave_game":4,"minecraft:time_since_death":43672,"minecraft:climb_one_cm":2492,"minecraft:sprint_one_cm":519095,"minecraft:walk_one_cm":669625,"minecraft:damage_blocked_by_shield":1450,"minecraft:drop":30,"minecraft:talked_to_villager":1,"minecraft:deaths":9,"minecraft:sneak_time":148,"minecraft:walk_under_water_one_cm":9665,"minecraft:boat_one_cm":48480,"minecraft:jump":3251,"minecraft:walk_on_water_one_cm":34747,"minecraft:interact_with_furnace":31,"minecraft:play_one_minute":149510,"minecraft:sleep_in_bed":12,"minecraft:time_since_rest":11147,"minecraft:waystone_activated":1,"minecraft:damage_taken":3905,"minecraft:damage_dealt":3388,"minecraft:fly_one_cm":331588,"minecraft:swim_one_cm":44361,"minecraft:open_chest":15,"minecraft:crouch_one_cm":379,"minecraft:fall_one_cm":64276},"minecraft:dropped":{"minecraft:iron_ingot":2,"minecraft:iron_leggings":1,"minecraft:white_wool":1,"minecraft:kelp":15,"minecraft:stone_sword":1,"vampirism:obi_belt":1,"vampirism:holy_water_bottle_enhanced":1,"minecraft:iron_boots":1,"sophisticatedbackpacks:backpack":1,"minecraft:spruce_boat":1,"minecraft:spider_eye":3,"minecraft:iron_ore":18,"minecraft:stone_pickaxe":2},"minecraft:used":{"minecraft:stone_sword":11,"minecraft:spruce_planks":1,"minecraft:chest":1,"minecraft:shield":32,"minecraft:stone":4,"minecraft:iron_sword":65,"minecraft:torch":41,"minecraft:dirt":4,"vampirism:item_tent":2,"minecraft:sweet_berries":25,"minecraft:furnace":2,"minecraft:egg":4,"minecraft:potato":7,"vampirism:fire_place":2,"minecraft:stone_pickaxe":37,"minecraft:wooden_pickaxe":6,"minecraft:sand":8,"minecraft:crafting_table":6,"minecraft:white_bed":5,"minecraft:chicken":1,"minecraft:bread":37,"minecraft:iron_pickaxe":112,"minecraft:gravel":3,"minecraft:cobblestone":29,"minecraft:white_banner":1,"minecraft:andesite":1},"minecraft:mined":{"minecraft:spruce_planks":1,"minecraft:white_bed":4,"minecraft:grass_block":7,"minecraft:spruce_leaves":9,"vampirism:hunter_table":1,"minecraft:spawner":1,"minecraft:hay_block":13,"minecraft:furnace":2,"minecraft:iron_ore":17,"minecraft:fire":1,"minecraft:stripped_spruce_log":4,"minecraft:pumpkin":1,"vampirism:tent":1,"minecraft:stone":70,"vampirism:tent_main":1,"minecraft:crafting_table":2,"minecraft:torch":2,"minecraft:chest":1,"minecraft:cobblestone":1,"minecraft:sugar_cane":2,"minecraft:diorite":6,"minecraft:wall_torch":2,"minecraft:sweet_berry_bush":3,"vampirism:med_chair":1,"minecraft:spruce_log":9,"minecraft:grass":3,"vampirism:garlic":5,"minecraft:coal_ore":51,"minecraft:oak_log":1,"vampirism:fire_place":3,"minecraft:gravel":3,"minecraft:sand":17,"minecraft:dirt":3,"minecraft:cobweb":4,"minecraft:oak_leaves":2,"minecraft:fern":2},"minecraft:picked_up":{"minecraft:crafting_table":5,"minecraft:iron_chestplate":2,"minecraft:coarse_dirt":4,"minecraft:wheat":66,"minecraft:chicken":7,"minecraft:wooden_pickaxe":1,"minecraft:shield":4,"minecraft:string":67,"vampirism:obi_belt":1,"minecraft:spruce_planks":5,"minecraft:beef":10,"minecraft:iron_pickaxe":3,"minecraft:sugar_cane":6,"minecraft:chest":1,"minecraft:furnace":4,"minecraft:egg":10,"minecraft:stick":3,"minecraft:torch":159,"sophisticatedbackpacks:backpack":1,"vampirism:holy_water_bottle_enhanced":1,"vampirism:vampire_fang":1,"minecraft:diorite":12,"vampirism:hunter_table":1,"minecraft:stone_sword":5,"minecraft:arrow":6,"minecraft:hay_block":13,"minecraft:cobblestone":96,"minecraft:rail":14,"minecraft:feather":12,"vampirism:med_chair":1,"vampirism:item_tent":2,"minecraft:andesite":1,"minecraft:leather":13,"minecraft:oak_log":1,"minecraft:gunpowder":2,"minecraft:lapis_lazuli":6,"minecraft:dirt":9,"minecraft:white_banner":2,"minecraft:bone":1,"minecraft:kelp":15,"minecraft:wheat_seeds":1,"vampirism:item_garlic":5,"minecraft:iron_ingot":34,"minecraft:stone_pickaxe":4,"minecraft:iron_ore":26,"minecraft:glass_bottle":6,"minecraft:iron_sword":3,"minecraft:sweet_berries":65,"minecraft:pumpkin":1,"vampirism:fire_place":3,"minecraft:gravel":3,"minecraft:sand":17,"minecraft:stripped_spruce_log":3,"minecraft:white_bed":8,"minecraft:spruce_log":9,"vampirism:hunter_axe_ultimate":1,"minecraft:spider_eye":4,"minecraft:spruce_boat":1,"waystones:waystone":1,"minecraft:golden_apple":1,"minecraft:bread":69,"minecraft:coal":158},"minecraft:killed_by":{"minecraft:player":1,"minecraft:creeper":1,"minecraft:vindicator":3,"minecraft:skeleton":2,"minecraft:zombie":2},"minecraft:crafted":{"minecraft:oak_planks":4,"minecraft:stone":4,"minecraft:white_carpet":3,"minecraft:glass":2,"minecraft:iron_boots":1,"minecraft:stone_pickaxe":1,"minecraft:chest":2,"minecraft:wheat":117,"sophisticatedbackpacks:iron_backpack":1,"sophisticatedbackpacks:backpack":2,"minecraft:crafting_table":2,"minecraft:spruce_planks":48,"minecraft:wooden_pickaxe":1,"minecraft:iron_sword":1,"minecraft:bread":39,"minecraft:iron_chestplate":1,"minecraft:white_wool":3,"minecraft:shield":1,"minecraft:stick":32,"minecraft:iron_ingot":12,"minecraft:iron_pickaxe":1,"minecraft:stone_sword":1,"minecraft:iron_leggings":2,"minecraft:torch":76}},"DataVersion":2586}