{"stats":{"minecraft:dropped":{"minecraft:wheat_seeds":3,"minecraft:ink_sac":3,"minecraft:torch":4,"minecraft:lily_pad":1,"minecraft:stone_brick_slab":1,"minecraft:stone_sword":1,"minecraft:oak_sapling":1,"minecraft:wooden_pickaxe":1},"minecraft:killed":{"vampirism:vampire":1,"vampirism:advanced_vampire":1,"minecraft:spider":3,"minecraft:skeleton":1,"minecraft:chicken":5,"minecraft:pig":2,"minecraft:zombie_villager":1,"minecraft:salmon":11,"minecraft:sheep":13,"minecraft:pillager":7,"minecraft:zombie":9,"minecraft:cow":10},"minecraft:broken":{"minecraft:wooden_pickaxe":1,"minecraft:stone_pickaxe":1,"minecraft:shield":1},"minecraft:used":{"minecraft:stone_sword":171,"minecraft:shield":115,"minecraft:stone":7,"minecraft:iron_sword":92,"minecraft:torch":71,"minecraft:dirt":99,"minecraft:wooden_axe":32,"minecraft:oak_sapling":1,"minecraft:furnace":11,"minecraft:egg":1,"minecraft:cooked_beef":11,"minecraft:cooked_mutton":8,"minecraft:water_bucket":2,"minecraft:diorite":4,"minecraft:stone_pickaxe":230,"minecraft:oak_planks":5,"minecraft:wooden_pickaxe":90,"minecraft:salmon":2,"minecraft:white_wool":4,"minecraft:crafting_table":18,"minecraft:white_bed":6,"minecraft:smoker":1,"minecraft:brown_wool":1,"minecraft:iron_pickaxe":101,"minecraft:stone_axe":28,"minecraft:wooden_sword":42,"minecraft:cobblestone":13,"minecraft:cooked_porkchop":2,"minecraft:bucket":3},"minecraft:killed_by":{"minecraft:creeper":3,"minecraft:spider":1,"minecraft:skeleton":2,"minecraft:zombie":1,"vampirism:vampire":5},"minecraft:custom":{"minecraft:mob_kills":72,"minecraft:interact_with_crafting_table":44,"minecraft:damage_dealt_resisted":12,"minecraft:leave_game":4,"minecraft:time_since_death":32444,"minecraft:damage_resisted":8,"minecraft:climb_one_cm":1027,"minecraft:sprint_one_cm":431760,"minecraft:walk_one_cm":654145,"minecraft:damage_blocked_by_shield":3860,"minecraft:drop":12,"minecraft:deaths":12,"minecraft:sneak_time":1489,"minecraft:walk_under_water_one_cm":22674,"minecraft:jump":2784,"minecraft:walk_on_water_one_cm":60723,"minecraft:interact_with_furnace":53,"minecraft:play_one_minute":198832,"minecraft:sleep_in_bed":6,"minecraft:time_since_rest":17396,"minecraft:damage_taken":4840,"minecraft:damage_dealt":8786,"minecraft:swim_one_cm":62973,"minecraft:fly_one_cm":272104,"minecraft:open_chest":4,"minecraft:crouch_one_cm":2106,"minecraft:interact_with_smoker":8,"minecraft:fall_one_cm":46845},"minecraft:mined":{"minecraft:white_bed":6,"minecraft:dark_oak_log":12,"minecraft:granite":4,"minecraft:acacia_log":2,"minecraft:grass_block":34,"minecraft:spruce_leaves":2,"minecraft:hay_block":2,"minecraft:tall_seagrass":1,"minecraft:furnace":11,"minecraft:iron_ore":74,"minecraft:andesite":3,"minecraft:stone":162,"minecraft:white_wool":3,"minecraft:smoker":1,"minecraft:stone_brick_slab":1,"minecraft:crafting_table":17,"minecraft:torch":16,"minecraft:cobblestone":4,"minecraft:tall_grass":8,"minecraft:lily_pad":1,"minecraft:sugar_cane":10,"minecraft:oak_planks":3,"minecraft:diorite":4,"minecraft:wall_torch":1,"minecraft:birch_log":11,"minecraft:lilac":1,"minecraft:grass":39,"minecraft:oak_log":28,"minecraft:coal_ore":135,"minecraft:gravel":2,"minecraft:dirt":39,"minecraft:stone_bricks":17,"minecraft:oak_leaves":8},"minecraft:picked_up":{"minecraft:wooden_axe":2,"minecraft:charcoal":3,"minecraft:iron_chestplate":3,"minecraft:crafting_table":26,"minecraft:chicken":5,"minecraft:wooden_pickaxe":5,"minecraft:shield":2,"minecraft:string":8,"minecraft:wooden_sword":2,"minecraft:iron_leggings":3,"minecraft:experience_bottle":2,"minecraft:beef":19,"minecraft:iron_pickaxe":1,"minecraft:sugar_cane":26,"minecraft:egg":1,"minecraft:iron_boots":3,"minecraft:furnace":16,"minecraft:stick":6,"minecraft:stone":7,"minecraft:torch":128,"minecraft:acacia_log":2,"minecraft:fire_charge":2,"sophisticatedbackpacks:backpack":2,"minecraft:porkchop":8,"minecraft:diorite":4,"minecraft:arrow":4,"minecraft:stone_sword":3,"vampirism:blood_bottle":2,"minecraft:rotten_flesh":22,"minecraft:hay_block":2,"minecraft:mutton":20,"minecraft:cobblestone":257,"minecraft:white_wool":24,"minecraft:birch_log":11,"minecraft:feather":2,"minecraft:cooked_beef":29,"minecraft:water_bucket":1,"minecraft:andesite":3,"minecraft:salmon":9,"minecraft:leather":7,"minecraft:brown_wool":3,"minecraft:smoker":1,"minecraft:potato":2,"minecraft:oak_log":30,"minecraft:lily_pad":1,"minecraft:gunpowder":2,"minecraft:dirt":138,"minecraft:white_banner":1,"minecraft:cooked_mutton":8,"minecraft:stone_bricks":12,"minecraft:wheat_seeds":5,"minecraft:iron_ingot":30,"minecraft:stone_pickaxe":1,"minecraft:iron_ore":101,"minecraft:iron_sword":1,"minecraft:oak_planks":32,"minecraft:stone_brick_slab":1,"minecraft:gravel":4,"minecraft:ink_sac":3,"minecraft:white_bed":8,"minecraft:dark_oak_log":10,"vampiresneedumbrellas:white_iron_umbrella":2,"minecraft:stone_axe":2,"minecraft:iron_helmet":1,"minecraft:granite":7,"minecraft:oak_sapling":3,"minecraft:black_wool":2,"minecraft:coal":468},"minecraft:crafted":{"minecraft:wooden_sword":1,"minecraft:oak_planks":100,"vampiresneedumbrellas:iron_umbrella_rod":4,"minecraft:cooked_chicken":4,"minecraft:furnace":3,"minecraft:stone":7,"minecraft:white_carpet":6,"minecraft:cooked_mutton":9,"minecraft:iron_boots":1,"minecraft:stone_pickaxe":3,"minecraft:chest":1,"minecraft:smoker":1,"minecraft:cooked_beef":11,"sophisticatedbackpacks:backpack":1,"minecraft:cooked_porkchop":5,"minecraft:crafting_table":3,"minecraft:wooden_pickaxe":2,"minecraft:iron_helmet":1,"minecraft:iron_sword":1,"vampiresneedumbrellas:white_iron_umbrella":2,"minecraft:bucket":1,"minecraft:birch_planks":44,"minecraft:stone_axe":1,"minecraft:air":0,"minecraft:iron_chestplate":1,"minecraft:charcoal":9,"minecraft:shield":2,"minecraft:stick":128,"minecraft:iron_ingot":55,"minecraft:iron_pickaxe":1,"minecraft:wooden_axe":2,"minecraft:stone_sword":3,"minecraft:iron_leggings":1,"minecraft:white_bed":2,"minecraft:acacia_planks":8,"minecraft:torch":116}},"DataVersion":2586}