{"stats":{"minecraft:picked_up":{"minecraft:wooden_axe":1,"minecraft:stick":6,"minecraft:crafting_table":7,"minecraft:brown_wool":2,"minecraft:torch":32,"minecraft:wooden_pickaxe":3,"minecraft:oak_log":6,"minecraft:gunpowder":2,"minecraft:stone_sword":1,"minecraft:dirt":61,"vampiresneedumbrellas:white_iron_umbrella":1,"minecraft:wooden_sword":2,"minecraft:cooked_mutton":3,"minecraft:wheat_seeds":1,"minecraft:iron_ingot":11,"minecraft:granite":1,"minecraft:iron_ore":8,"minecraft:oak_sapling":2,"minecraft:sugar_cane":5,"minecraft:black_wool":1,"minecraft:mutton":9,"minecraft:oak_planks":4,"minecraft:coal":12,"minecraft:white_wool":10,"minecraft:cobblestone":37,"minecraft:furnace":3},"minecraft:killed_by":{"vampirism:vampire":3,"minecraft:skeleton":1,"minecraft:creeper":2,"minecraft:spider":1,"minecraft:zombie":1},"minecraft:used":{"minecraft:cooked_mutton":2,"minecraft:wooden_axe":1,"minecraft:stone_sword":62,"minecraft:stone_pickaxe":30,"minecraft:wooden_pickaxe":31,"minecraft:wooden_sword":42,"minecraft:dirt":22,"minecraft:crafting_table":3,"minecraft:oak_sapling":1,"minecraft:furnace":2},"minecraft:crafted":{"minecraft:wooden_sword":1,"minecraft:oak_planks":20,"vampiresneedumbrellas:iron_umbrella_rod":2,"minecraft:crafting_table":1,"minecraft:stick":16,"minecraft:iron_ingot":3,"minecraft:wooden_pickaxe":1,"minecraft:stone_pickaxe":1,"minecraft:wooden_axe":1,"minecraft:stone_sword":1,"minecraft:furnace":1,"vampiresneedumbrellas:white_iron_umbrella":1,"minecraft:torch":32,"minecraft:white_carpet":3,"minecraft:cooked_mutton":5},"minecraft:mined":{"minecraft:furnace":2,"minecraft:iron_ore":8,"minecraft:crafting_table":4,"minecraft:granite":1,"minecraft:grass":16,"minecraft:coal_ore":11,"minecraft:grass_block":9,"minecraft:oak_log":5,"minecraft:dirt":14,"minecraft:tall_grass":5,"minecraft:stone":38,"minecraft:sugar_cane":2,"minecraft:oak_leaves":6},"minecraft:killed":{"minecraft:sheep":7,"minecraft:zombie":2},"minecraft:custom":{"minecraft:time_since_rest":124,"minecraft:interact_with_furnace":8,"minecraft:sprint_one_cm":121182,"minecraft:damage_taken":2195,"minecraft:walk_one_cm":108235,"minecraft:mob_kills":10,"minecraft:damage_dealt":1312,"minecraft:swim_one_cm":7545,"minecraft:interact_with_crafting_table":6,"minecraft:fly_one_cm":84514,"minecraft:crouch_one_cm":248,"minecraft:play_one_minute":41139,"minecraft:deaths":8,"minecraft:sneak_time":73,"minecraft:walk_under_water_one_cm":900,"minecraft:jump":569,"minecraft:leave_game":1,"minecraft:walk_on_water_one_cm":13988,"minecraft:time_since_death":0,"minecraft:fall_one_cm":10644}},"DataVersion":2586}