{"stats":{"minecraft:dropped":{"minecraft:wheat_seeds":2,"minecraft:stone_sword":1,"minecraft:ink_sac":3,"minecraft:torch":4,"minecraft:oak_sapling":1,"minecraft:wooden_pickaxe":1},"minecraft:killed":{"vampirism:vampire":1,"minecraft:pig":2,"minecraft:salmon":11,"minecraft:spider":3,"minecraft:sheep":10,"minecraft:zombie":4,"minecraft:chicken":4,"minecraft:cow":6},"minecraft:used":{"minecraft:cooked_mutton":8,"minecraft:stone_sword":171,"minecraft:stone_pickaxe":230,"minecraft:oak_planks":3,"minecraft:shield":31,"minecraft:wooden_pickaxe":90,"minecraft:stone":7,"minecraft:white_wool":2,"minecraft:salmon":2,"minecraft:torch":39,"minecraft:dirt":97,"minecraft:crafting_table":15,"minecraft:white_bed":4,"minecraft:smoker":1,"minecraft:wooden_axe":32,"minecraft:brown_wool":1,"minecraft:iron_pickaxe":22,"minecraft:stone_axe":12,"minecraft:wooden_sword":42,"minecraft:cobblestone":8,"minecraft:furnace":9,"minecraft:oak_sapling":1,"minecraft:cooked_porkchop":2,"minecraft:egg":1,"minecraft:cooked_beef":2},"minecraft:broken":{"minecraft:stone_pickaxe":1,"minecraft:wooden_pickaxe":1},"minecraft:killed_by":{"minecraft:skeleton":2,"minecraft:creeper":2,"minecraft:spider":1,"minecraft:zombie":1,"vampirism:vampire":5},"minecraft:custom":{"minecraft:interact_with_furnace":46,"minecraft:mob_kills":43,"minecraft:interact_with_crafting_table":36,"minecraft:play_one_minute":138832,"minecraft:damage_dealt_resisted":12,"minecraft:leave_game":4,"minecraft:time_since_death":14588,"minecraft:sleep_in_bed":4,"minecraft:climb_one_cm":42,"minecraft:time_since_rest":7492,"minecraft:sprint_one_cm":316331,"minecraft:damage_taken":3472,"minecraft:walk_one_cm":400999,"minecraft:damage_blocked_by_shield":1115,"minecraft:drop":9,"minecraft:damage_dealt":4166,"minecraft:swim_one_cm":30855,"minecraft:fly_one_cm":204864,"minecraft:crouch_one_cm":1162,"minecraft:deaths":11,"minecraft:sneak_time":689,"minecraft:walk_under_water_one_cm":11696,"minecraft:jump":1839,"minecraft:walk_on_water_one_cm":34328,"minecraft:interact_with_smoker":8,"minecraft:fall_one_cm":31883},"minecraft:mined":{"minecraft:white_bed":4,"minecraft:smoker":1,"minecraft:dark_oak_log":12,"minecraft:crafting_table":14,"minecraft:torch":11,"minecraft:granite":1,"minecraft:acacia_log":2,"minecraft:grass_block":32,"minecraft:tall_grass":8,"minecraft:cobblestone":2,"minecraft:oak_planks":3,"minecraft:sugar_cane":10,"minecraft:wall_torch":1,"minecraft:tall_seagrass":1,"minecraft:furnace":9,"minecraft:iron_ore":51,"minecraft:grass":34,"minecraft:coal_ore":135,"minecraft:oak_log":26,"minecraft:dirt":39,"minecraft:stone":141,"minecraft:white_wool":2,"minecraft:oak_leaves":8},"minecraft:picked_up":{"minecraft:wooden_axe":2,"minecraft:charcoal":3,"minecraft:crafting_table":22,"minecraft:iron_chestplate":2,"minecraft:feather":2,"minecraft:cooked_beef":9,"minecraft:chicken":4,"minecraft:salmon":9,"minecraft:brown_wool":3,"minecraft:leather":4,"minecraft:wooden_pickaxe":5,"minecraft:smoker":1,"minecraft:oak_log":28,"minecraft:shield":1,"minecraft:gunpowder":2,"minecraft:dirt":136,"minecraft:string":8,"minecraft:wooden_sword":2,"minecraft:iron_leggings":2,"minecraft:cooked_mutton":8,"minecraft:wheat_seeds":5,"minecraft:stone_pickaxe":1,"minecraft:iron_ingot":27,"minecraft:beef":11,"minecraft:iron_ore":55,"minecraft:sugar_cane":26,"minecraft:oak_planks":32,"minecraft:furnace":13,"minecraft:iron_boots":2,"minecraft:egg":1,"minecraft:stick":6,"minecraft:stone":7,"sophisticatedbackpacks:backpack":1,"minecraft:torch":92,"minecraft:acacia_log":2,"minecraft:porkchop":5,"minecraft:ink_sac":3,"minecraft:white_bed":5,"minecraft:dark_oak_log":10,"vampiresneedumbrellas:white_iron_umbrella":2,"minecraft:stone_sword":3,"minecraft:rotten_flesh":4,"minecraft:stone_axe":1,"minecraft:granite":1,"minecraft:oak_sapling":3,"minecraft:black_wool":2,"minecraft:mutton":13,"minecraft:coal":282,"minecraft:white_wool":19,"minecraft:cobblestone":211},"minecraft:crafted":{"minecraft:cooked_beef":11,"minecraft:wooden_sword":1,"minecraft:oak_planks":92,"vampiresneedumbrellas:iron_umbrella_rod":2,"sophisticatedbackpacks:backpack":1,"minecraft:cooked_porkchop":5,"minecraft:crafting_table":3,"minecraft:iron_helmet":1,"minecraft:cooked_chicken":4,"minecraft:wooden_pickaxe":2,"minecraft:iron_sword":1,"minecraft:furnace":3,"minecraft:stone":7,"vampiresneedumbrellas:white_iron_umbrella":1,"minecraft:stone_axe":1,"minecraft:white_carpet":3,"minecraft:cooked_mutton":9,"minecraft:air":0,"minecraft:iron_boots":1,"minecraft:iron_chestplate":1,"minecraft:charcoal":9,"minecraft:shield":1,"minecraft:stick":40,"minecraft:iron_ingot":35,"minecraft:iron_pickaxe":1,"minecraft:stone_pickaxe":3,"minecraft:wooden_axe":2,"minecraft:chest":1,"minecraft:stone_sword":3,"minecraft:iron_leggings":1,"minecraft:white_bed":2,"minecraft:acacia_planks":8,"minecraft:torch":68,"minecraft:smoker":1}},"DataVersion":2586}