{"stats":{"minecraft:picked_up":{"minecraft:stick":6,"minecraft:crafting_table":3,"minecraft:wooden_pickaxe":2,"minecraft:oak_log":5,"minecraft:coal":11,"minecraft:cobblestone":19,"minecraft:oak_planks":4,"minecraft:wooden_sword":2,"minecraft:dirt":9,"minecraft:wooden_axe":1},"minecraft:killed_by":{"vampirism:vampire":3},"minecraft:used":{"minecraft:wooden_axe":1,"minecraft:wooden_sword":42,"minecraft:dirt":5,"minecraft:crafting_table":2,"minecraft:wooden_pickaxe":31},"minecraft:crafted":{"minecraft:wooden_sword":1,"minecraft:oak_planks":20,"minecraft:torch":32,"minecraft:crafting_table":1,"minecraft:stone_sword":1,"minecraft:stone_pickaxe":1,"minecraft:stick":16,"minecraft:wooden_pickaxe":1,"minecraft:wooden_axe":1},"minecraft:mined":{"minecraft:grass_block":3,"minecraft:oak_log":5,"minecraft:dirt":4,"minecraft:stone":20,"minecraft:coal_ore":11,"minecraft:oak_leaves":5,"minecraft:crafting_table":2},"minecraft:killed":{"minecraft:zombie":1},"minecraft:custom":{"minecraft:deaths":3,"minecraft:time_since_rest":5652,"minecraft:sprint_one_cm":21704,"minecraft:play_one_minute":21246,"minecraft:crouch_one_cm":183,"minecraft:damage_taken":900,"minecraft:walk_one_cm":43779,"minecraft:sneak_time":64,"minecraft:mob_kills":1,"minecraft:jump":124,"minecraft:damage_dealt":497,"minecraft:time_since_death":5625,"minecraft:fall_one_cm":2601,"minecraft:interact_with_crafting_table":3,"minecraft:fly_one_cm":12640}},"DataVersion":2586}