{"stats":{"minecraft:picked_up":{"minecraft:wooden_axe":1,"minecraft:crafting_table":9,"minecraft:brown_wool":3,"minecraft:wooden_pickaxe":4,"minecraft:oak_log":6,"minecraft:gunpowder":2,"minecraft:dirt":91,"minecraft:wooden_sword":2,"minecraft:cooked_mutton":6,"minecraft:wheat_seeds":2,"minecraft:iron_ingot":16,"minecraft:iron_ore":8,"minecraft:sugar_cane":10,"minecraft:oak_planks":4,"minecraft:furnace":4,"minecraft:stick":6,"minecraft:torch":64,"minecraft:acacia_log":2,"minecraft:white_bed":1,"vampiresneedumbrellas:white_iron_umbrella":2,"minecraft:stone_sword":2,"minecraft:granite":1,"minecraft:oak_sapling":2,"minecraft:black_wool":2,"minecraft:mutton":9,"minecraft:coal":12,"minecraft:white_wool":16,"minecraft:cobblestone":61},"minecraft:killed_by":{"minecraft:skeleton":1,"minecraft:creeper":2,"minecraft:spider":1,"minecraft:zombie":1,"vampirism:vampire":4},"minecraft:used":{"minecraft:cooked_mutton":4,"minecraft:stone_sword":71,"minecraft:stone_pickaxe":30,"minecraft:wooden_pickaxe":31,"minecraft:white_wool":2,"minecraft:torch":1,"minecraft:dirt":52,"minecraft:crafting_table":4,"minecraft:white_bed":1,"minecraft:wooden_axe":1,"minecraft:brown_wool":1,"minecraft:wooden_sword":42,"minecraft:oak_sapling":1,"minecraft:furnace":2},"minecraft:crafted":{"minecraft:wooden_sword":1,"minecraft:oak_planks":20,"vampiresneedumbrellas:iron_umbrella_rod":2,"minecraft:crafting_table":1,"minecraft:wooden_pickaxe":1,"minecraft:furnace":1,"vampiresneedumbrellas:white_iron_umbrella":1,"minecraft:white_carpet":3,"minecraft:cooked_mutton":5,"minecraft:stick":16,"minecraft:iron_ingot":3,"minecraft:stone_pickaxe":1,"minecraft:wooden_axe":1,"minecraft:stone_sword":1,"minecraft:white_bed":1,"minecraft:acacia_planks":8,"minecraft:torch":32},"minecraft:mined":{"minecraft:white_bed":1,"minecraft:crafting_table":4,"minecraft:granite":1,"minecraft:acacia_log":2,"minecraft:grass_block":10,"minecraft:tall_grass":5,"minecraft:sugar_cane":2,"minecraft:furnace":2,"minecraft:iron_ore":8,"minecraft:grass":24,"minecraft:oak_log":5,"minecraft:coal_ore":11,"minecraft:dirt":14,"minecraft:stone":38,"minecraft:white_wool":2,"minecraft:oak_leaves":6},"minecraft:killed":{"minecraft:sheep":7,"minecraft:zombie":2},"minecraft:custom":{"minecraft:interact_with_furnace":8,"minecraft:mob_kills":11,"minecraft:interact_with_crafting_table":7,"minecraft:play_one_minute":52710,"minecraft:damage_dealt_resisted":12,"minecraft:leave_game":3,"minecraft:time_since_death":67,"minecraft:sleep_in_bed":1,"minecraft:time_since_rest":94,"minecraft:sprint_one_cm":171773,"minecraft:damage_taken":2480,"minecraft:walk_one_cm":122879,"minecraft:damage_dealt":1418,"minecraft:swim_one_cm":16811,"minecraft:fly_one_cm":119466,"minecraft:crouch_one_cm":248,"minecraft:deaths":9,"minecraft:sneak_time":93,"minecraft:walk_under_water_one_cm":2401,"minecraft:jump":760,"minecraft:walk_on_water_one_cm":18740,"minecraft:fall_one_cm":14023}},"DataVersion":2586}