{"stats":{"minecraft:picked_up":{"minecraft:wooden_axe":1,"minecraft:crafting_table":11,"minecraft:brown_wool":3,"minecraft:wooden_pickaxe":4,"minecraft:oak_log":17,"minecraft:gunpowder":2,"minecraft:dirt":114,"minecraft:wooden_sword":2,"minecraft:cooked_mutton":6,"minecraft:wheat_seeds":2,"minecraft:iron_ingot":16,"minecraft:iron_ore":8,"minecraft:sugar_cane":10,"minecraft:oak_planks":4,"minecraft:furnace":5,"minecraft:stick":6,"minecraft:torch":70,"minecraft:acacia_log":2,"minecraft:ink_sac":3,"minecraft:white_bed":1,"vampiresneedumbrellas:white_iron_umbrella":2,"minecraft:stone_sword":2,"minecraft:granite":1,"minecraft:oak_sapling":3,"minecraft:black_wool":2,"minecraft:mutton":9,"minecraft:coal":21,"minecraft:white_wool":16,"minecraft:cobblestone":104},"minecraft:killed_by":{"minecraft:skeleton":1,"minecraft:creeper":2,"minecraft:spider":1,"minecraft:zombie":1,"vampirism:vampire":4},"minecraft:used":{"minecraft:cooked_mutton":4,"minecraft:stone_sword":71,"minecraft:stone_pickaxe":30,"minecraft:wooden_pickaxe":85,"minecraft:white_wool":2,"minecraft:torch":3,"minecraft:dirt":75,"minecraft:crafting_table":7,"minecraft:white_bed":1,"minecraft:wooden_axe":7,"minecraft:brown_wool":1,"minecraft:wooden_sword":42,"minecraft:furnace":3,"minecraft:oak_sapling":1},"minecraft:dropped":{"minecraft:ink_sac":3,"minecraft:torch":4,"minecraft:oak_sapling":1},"minecraft:crafted":{"minecraft:wooden_sword":1,"minecraft:oak_planks":44,"vampiresneedumbrellas:iron_umbrella_rod":2,"minecraft:crafting_table":2,"minecraft:wooden_pickaxe":2,"minecraft:furnace":2,"minecraft:stone":7,"vampiresneedumbrellas:white_iron_umbrella":1,"minecraft:white_carpet":3,"minecraft:cooked_mutton":5,"minecraft:air":0,"minecraft:charcoal":3,"minecraft:stick":28,"minecraft:iron_ingot":3,"minecraft:stone_pickaxe":2,"minecraft:wooden_axe":2,"minecraft:stone_sword":1,"minecraft:white_bed":1,"minecraft:acacia_planks":8,"minecraft:torch":44},"minecraft:mined":{"minecraft:white_bed":1,"minecraft:crafting_table":6,"minecraft:torch":2,"minecraft:granite":1,"minecraft:acacia_log":2,"minecraft:grass_block":14,"minecraft:tall_grass":5,"minecraft:sugar_cane":2,"minecraft:furnace":3,"minecraft:iron_ore":8,"minecraft:grass":24,"minecraft:oak_log":15,"minecraft:coal_ore":20,"minecraft:dirt":33,"minecraft:stone":81,"minecraft:white_wool":2,"minecraft:oak_leaves":8},"minecraft:killed":{"minecraft:sheep":7,"minecraft:zombie":2},"minecraft:custom":{"minecraft:interact_with_furnace":17,"minecraft:mob_kills":11,"minecraft:interact_with_crafting_table":12,"minecraft:play_one_minute":69331,"minecraft:damage_dealt_resisted":12,"minecraft:leave_game":3,"minecraft:time_since_death":16688,"minecraft:sleep_in_bed":1,"minecraft:time_since_rest":16715,"minecraft:sprint_one_cm":193438,"minecraft:damage_taken":2510,"minecraft:walk_one_cm":146135,"minecraft:drop":5,"minecraft:damage_dealt":1418,"minecraft:swim_one_cm":17423,"minecraft:fly_one_cm":129878,"minecraft:crouch_one_cm":248,"minecraft:deaths":9,"minecraft:sneak_time":93,"minecraft:walk_under_water_one_cm":2523,"minecraft:jump":928,"minecraft:walk_on_water_one_cm":19912,"minecraft:fall_one_cm":16379}},"DataVersion":2586}