{"stats":{"minecraft:dropped":{"minecraft:wheat_seeds":3,"minecraft:ink_sac":3,"minecraft:torch":4,"minecraft:lily_pad":1,"minecraft:stone_brick_slab":1,"minecraft:stone_sword":1,"minecraft:oak_sapling":1,"minecraft:wooden_pickaxe":1},"minecraft:killed":{"vampirism:vampire":1,"vampirism:advanced_vampire":1,"minecraft:spider":3,"minecraft:chicken":4,"minecraft:pig":2,"minecraft:zombie_villager":1,"minecraft:salmon":11,"minecraft:sheep":10,"minecraft:zombie":7,"minecraft:cow":10},"minecraft:broken":{"minecraft:wooden_pickaxe":1,"minecraft:stone_pickaxe":1},"minecraft:used":{"minecraft:stone_sword":171,"minecraft:shield":33,"minecraft:stone":7,"minecraft:iron_sword":42,"minecraft:torch":71,"minecraft:dirt":97,"minecraft:wooden_axe":32,"minecraft:oak_sapling":1,"minecraft:furnace":10,"minecraft:egg":1,"minecraft:cooked_beef":6,"minecraft:cooked_mutton":8,"minecraft:water_bucket":1,"minecraft:diorite":4,"minecraft:stone_pickaxe":230,"minecraft:oak_planks":3,"minecraft:wooden_pickaxe":90,"minecraft:salmon":2,"minecraft:white_wool":2,"minecraft:crafting_table":16,"minecraft:white_bed":5,"minecraft:smoker":1,"minecraft:brown_wool":1,"minecraft:iron_pickaxe":97,"minecraft:stone_axe":25,"minecraft:wooden_sword":42,"minecraft:cobblestone":13,"minecraft:cooked_porkchop":2,"minecraft:bucket":2},"minecraft:killed_by":{"minecraft:creeper":2,"minecraft:spider":1,"minecraft:skeleton":2,"minecraft:zombie":1,"vampirism:vampire":5},"minecraft:custom":{"minecraft:mob_kills":53,"minecraft:interact_with_crafting_table":37,"minecraft:damage_dealt_resisted":12,"minecraft:leave_game":4,"minecraft:time_since_death":38588,"minecraft:climb_one_cm":252,"minecraft:sprint_one_cm":366346,"minecraft:walk_one_cm":491827,"minecraft:damage_blocked_by_shield":1205,"minecraft:drop":12,"minecraft:deaths":11,"minecraft:sneak_time":775,"minecraft:walk_under_water_one_cm":15478,"minecraft:jump":2241,"minecraft:walk_on_water_one_cm":44748,"minecraft:interact_with_furnace":50,"minecraft:play_one_minute":162832,"minecraft:sleep_in_bed":5,"minecraft:time_since_rest":18429,"minecraft:damage_taken":3835,"minecraft:damage_dealt":6185,"minecraft:swim_one_cm":40717,"minecraft:fly_one_cm":236989,"minecraft:crouch_one_cm":1200,"minecraft:interact_with_smoker":8,"minecraft:fall_one_cm":38029},"minecraft:mined":{"minecraft:white_bed":5,"minecraft:dark_oak_log":12,"minecraft:granite":4,"minecraft:acacia_log":2,"minecraft:grass_block":32,"minecraft:tall_seagrass":1,"minecraft:furnace":10,"minecraft:iron_ore":74,"minecraft:andesite":2,"minecraft:stone":160,"minecraft:white_wool":2,"minecraft:smoker":1,"minecraft:stone_brick_slab":1,"minecraft:crafting_table":15,"minecraft:torch":16,"minecraft:cobblestone":4,"minecraft:tall_grass":8,"minecraft:lily_pad":1,"minecraft:sugar_cane":10,"minecraft:oak_planks":3,"minecraft:diorite":4,"minecraft:wall_torch":1,"minecraft:birch_log":11,"minecraft:lilac":1,"minecraft:grass":35,"minecraft:oak_log":26,"minecraft:coal_ore":135,"minecraft:gravel":2,"minecraft:dirt":39,"minecraft:stone_bricks":17,"minecraft:oak_leaves":8},"minecraft:picked_up":{"minecraft:wooden_axe":2,"minecraft:charcoal":3,"minecraft:iron_chestplate":2,"minecraft:crafting_table":23,"minecraft:chicken":4,"minecraft:wooden_pickaxe":5,"minecraft:shield":1,"minecraft:string":8,"minecraft:wooden_sword":2,"minecraft:iron_leggings":2,"minecraft:beef":19,"minecraft:sugar_cane":26,"minecraft:egg":1,"minecraft:iron_boots":2,"minecraft:furnace":14,"minecraft:stick":6,"minecraft:stone":7,"minecraft:torch":97,"minecraft:acacia_log":2,"sophisticatedbackpacks:backpack":1,"minecraft:porkchop":5,"minecraft:diorite":4,"minecraft:stone_sword":3,"vampirism:blood_bottle":1,"minecraft:rotten_flesh":10,"minecraft:mutton":13,"minecraft:cobblestone":235,"minecraft:white_wool":19,"minecraft:birch_log":11,"minecraft:feather":2,"minecraft:cooked_beef":17,"minecraft:andesite":1,"minecraft:salmon":9,"minecraft:leather":7,"minecraft:brown_wool":3,"minecraft:smoker":1,"minecraft:potato":1,"minecraft:oak_log":28,"minecraft:lily_pad":1,"minecraft:gunpowder":2,"minecraft:dirt":136,"minecraft:cooked_mutton":8,"minecraft:stone_bricks":12,"minecraft:wheat_seeds":5,"minecraft:iron_ingot":27,"minecraft:stone_pickaxe":1,"minecraft:iron_ore":78,"minecraft:oak_planks":32,"minecraft:stone_brick_slab":1,"minecraft:gravel":2,"minecraft:ink_sac":3,"minecraft:white_bed":6,"minecraft:dark_oak_log":10,"vampiresneedumbrellas:white_iron_umbrella":2,"minecraft:stone_axe":1,"minecraft:granite":4,"minecraft:oak_sapling":3,"minecraft:black_wool":2,"minecraft:coal":345},"minecraft:crafted":{"minecraft:wooden_sword":1,"minecraft:oak_planks":92,"vampiresneedumbrellas:iron_umbrella_rod":2,"minecraft:cooked_chicken":4,"minecraft:furnace":3,"minecraft:stone":7,"minecraft:white_carpet":3,"minecraft:cooked_mutton":9,"minecraft:iron_boots":1,"minecraft:stone_pickaxe":3,"minecraft:chest":1,"minecraft:smoker":1,"minecraft:cooked_beef":11,"sophisticatedbackpacks:backpack":1,"minecraft:cooked_porkchop":5,"minecraft:crafting_table":3,"minecraft:wooden_pickaxe":2,"minecraft:iron_helmet":1,"minecraft:iron_sword":1,"vampiresneedumbrellas:white_iron_umbrella":1,"minecraft:bucket":1,"minecraft:birch_planks":44,"minecraft:stone_axe":1,"minecraft:air":0,"minecraft:iron_chestplate":1,"minecraft:charcoal":9,"minecraft:shield":1,"minecraft:stick":128,"minecraft:iron_ingot":35,"minecraft:iron_pickaxe":1,"minecraft:wooden_axe":2,"minecraft:stone_sword":3,"minecraft:iron_leggings":1,"minecraft:white_bed":2,"minecraft:acacia_planks":8,"minecraft:torch":116}},"DataVersion":2586}