{"stats":{"minecraft:picked_up":{"minecraft:wooden_axe":1,"minecraft:iron_chestplate":1,"minecraft:crafting_table":15,"minecraft:brown_wool":3,"minecraft:wooden_pickaxe":5,"minecraft:oak_log":28,"minecraft:gunpowder":2,"minecraft:dirt":127,"minecraft:string":4,"minecraft:wooden_sword":2,"minecraft:cooked_mutton":6,"minecraft:wheat_seeds":4,"minecraft:iron_ingot":16,"minecraft:beef":2,"minecraft:iron_ore":28,"minecraft:sugar_cane":10,"minecraft:oak_planks":4,"minecraft:iron_boots":1,"minecraft:furnace":8,"minecraft:stick":6,"minecraft:torch":75,"minecraft:acacia_log":2,"minecraft:ink_sac":3,"minecraft:white_bed":1,"vampiresneedumbrellas:white_iron_umbrella":2,"minecraft:stone_sword":2,"minecraft:granite":1,"minecraft:oak_sapling":3,"minecraft:black_wool":2,"minecraft:mutton":9,"minecraft:coal":126,"minecraft:white_wool":16,"minecraft:cobblestone":155},"minecraft:killed_by":{"minecraft:skeleton":2,"minecraft:creeper":2,"minecraft:spider":1,"minecraft:zombie":1,"vampirism:vampire":4},"minecraft:used":{"minecraft:cooked_mutton":4,"minecraft:stone_sword":81,"minecraft:stone_pickaxe":99,"minecraft:wooden_pickaxe":90,"minecraft:white_wool":2,"minecraft:torch":26,"minecraft:dirt":76,"minecraft:crafting_table":10,"minecraft:white_bed":1,"minecraft:wooden_axe":18,"minecraft:brown_wool":1,"minecraft:wooden_sword":42,"minecraft:cobblestone":5,"minecraft:furnace":5,"minecraft:oak_sapling":1,"minecraft:cooked_beef":2},"minecraft:dropped":{"minecraft:wheat_seeds":2,"minecraft:ink_sac":3,"minecraft:torch":4,"minecraft:oak_sapling":1,"minecraft:wooden_pickaxe":1},"minecraft:broken":{"minecraft:wooden_pickaxe":1},"minecraft:crafted":{"minecraft:cooked_beef":2,"minecraft:wooden_sword":1,"minecraft:oak_planks":48,"vampiresneedumbrellas:iron_umbrella_rod":2,"minecraft:crafting_table":3,"minecraft:wooden_pickaxe":2,"minecraft:furnace":2,"minecraft:stone":7,"vampiresneedumbrellas:white_iron_umbrella":1,"minecraft:white_carpet":3,"minecraft:cooked_mutton":5,"minecraft:air":0,"minecraft:iron_boots":1,"minecraft:iron_chestplate":1,"minecraft:charcoal":3,"minecraft:stick":28,"minecraft:iron_ingot":23,"minecraft:stone_pickaxe":2,"minecraft:wooden_axe":2,"minecraft:stone_sword":2,"minecraft:iron_leggings":1,"minecraft:white_bed":1,"minecraft:acacia_planks":8,"minecraft:torch":52},"minecraft:mined":{"minecraft:white_bed":1,"minecraft:crafting_table":10,"minecraft:torch":5,"minecraft:granite":1,"minecraft:acacia_log":2,"minecraft:grass_block":28,"minecraft:tall_grass":5,"minecraft:cobblestone":2,"minecraft:sugar_cane":2,"minecraft:wall_torch":1,"minecraft:furnace":5,"minecraft:iron_ore":29,"minecraft:grass":25,"minecraft:oak_log":26,"minecraft:coal_ore":51,"minecraft:dirt":33,"minecraft:stone":99,"minecraft:white_wool":2,"minecraft:oak_leaves":8},"minecraft:killed":{"minecraft:spider":1,"minecraft:sheep":7,"minecraft:zombie":2,"minecraft:cow":1},"minecraft:custom":{"minecraft:interact_with_furnace":26,"minecraft:mob_kills":13,"minecraft:interact_with_crafting_table":21,"minecraft:play_one_minute":91127,"minecraft:damage_dealt_resisted":12,"minecraft:leave_game":4,"minecraft:time_since_death":4327,"minecraft:sleep_in_bed":1,"minecraft:time_since_rest":4393,"minecraft:sprint_one_cm":227557,"minecraft:damage_taken":3108,"minecraft:walk_one_cm":240899,"minecraft:drop":8,"minecraft:damage_dealt":1691,"minecraft:swim_one_cm":17423,"minecraft:fly_one_cm":142320,"minecraft:crouch_one_cm":1162,"minecraft:deaths":10,"minecraft:sneak_time":608,"minecraft:walk_under_water_one_cm":2523,"minecraft:jump":1216,"minecraft:walk_on_water_one_cm":19912,"minecraft:fall_one_cm":20482}},"DataVersion":2586}