{"stats":{"minecraft:picked_up":{"minecraft:wooden_axe":1,"minecraft:stick":6,"minecraft:crafting_table":5,"minecraft:brown_wool":1,"minecraft:wooden_pickaxe":2,"minecraft:oak_log":5,"minecraft:dirt":23,"minecraft:wooden_sword":2,"minecraft:iron_ingot":6,"minecraft:granite":1,"minecraft:iron_ore":8,"minecraft:oak_sapling":1,"minecraft:sugar_cane":5,"minecraft:black_wool":1,"minecraft:mutton":9,"minecraft:oak_planks":4,"minecraft:coal":12,"minecraft:white_wool":6,"minecraft:cobblestone":37,"minecraft:furnace":2},"minecraft:killed_by":{"vampirism:vampire":3,"minecraft:creeper":1},"minecraft:used":{"minecraft:cooked_mutton":2,"minecraft:wooden_axe":1,"minecraft:stone_sword":59,"minecraft:stone_pickaxe":30,"minecraft:wooden_pickaxe":31,"minecraft:wooden_sword":42,"minecraft:dirt":21,"minecraft:crafting_table":3,"minecraft:oak_sapling":1,"minecraft:furnace":2},"minecraft:crafted":{"minecraft:wooden_sword":1,"minecraft:oak_planks":20,"vampiresneedumbrellas:iron_umbrella_rod":2,"minecraft:crafting_table":1,"minecraft:stick":16,"minecraft:iron_ingot":3,"minecraft:wooden_pickaxe":1,"minecraft:stone_pickaxe":1,"minecraft:wooden_axe":1,"minecraft:stone_sword":1,"minecraft:furnace":1,"vampiresneedumbrellas:white_iron_umbrella":1,"minecraft:torch":32,"minecraft:white_carpet":3,"minecraft:cooked_mutton":5},"minecraft:mined":{"minecraft:furnace":2,"minecraft:iron_ore":8,"minecraft:crafting_table":4,"minecraft:granite":1,"minecraft:grass":14,"minecraft:coal_ore":11,"minecraft:grass_block":8,"minecraft:oak_log":5,"minecraft:dirt":13,"minecraft:tall_grass":5,"minecraft:stone":38,"minecraft:sugar_cane":2,"minecraft:oak_leaves":6},"minecraft:killed":{"minecraft:sheep":7,"minecraft:zombie":2},"minecraft:custom":{"minecraft:time_since_rest":1031,"minecraft:interact_with_furnace":8,"minecraft:sprint_one_cm":55771,"minecraft:damage_taken":1275,"minecraft:walk_one_cm":83489,"minecraft:mob_kills":10,"minecraft:damage_dealt":1299,"minecraft:swim_one_cm":3319,"minecraft:interact_with_crafting_table":6,"minecraft:fly_one_cm":44985,"minecraft:crouch_one_cm":183,"minecraft:play_one_minute":33246,"minecraft:deaths":4,"minecraft:sneak_time":64,"minecraft:walk_under_water_one_cm":414,"minecraft:jump":329,"minecraft:walk_on_water_one_cm":6674,"minecraft:time_since_death":1006,"minecraft:fall_one_cm":5587}},"DataVersion":2586}