{"stats":{"minecraft:dropped":{"minecraft:wheat_seeds":3,"minecraft:ink_sac":3,"minecraft:torch":4,"minecraft:lily_pad":1,"minecraft:stone_brick_slab":1,"minecraft:stone_sword":1,"minecraft:rotten_flesh":9,"minecraft:oak_sapling":1,"minecraft:wooden_pickaxe":1},"minecraft:killed":{"vampirism:vampire":1,"vampirism:advanced_vampire":1,"minecraft:spider":7,"minecraft:skeleton":1,"minecraft:chicken":5,"minecraft:pig":2,"minecraft:zombie_villager":1,"minecraft:salmon":11,"minecraft:sheep":13,"minecraft:pillager":7,"minecraft:zombie":9,"minecraft:cow":10},"minecraft:broken":{"minecraft:wooden_pickaxe":1,"minecraft:stone_pickaxe":1,"minecraft:shield":1},"minecraft:used":{"minecraft:stone_sword":171,"minecraft:shield":115,"minecraft:stone":7,"minecraft:iron_sword":106,"minecraft:torch":71,"minecraft:dirt":99,"minecraft:wooden_axe":32,"minecraft:oak_sapling":1,"minecraft:furnace":14,"minecraft:egg":1,"minecraft:cooked_beef":11,"minecraft:cooked_mutton":8,"minecraft:water_bucket":2,"minecraft:diorite":4,"vampirism:altar_inspiration":3,"minecraft:stone_pickaxe":230,"minecraft:oak_planks":5,"minecraft:wooden_pickaxe":90,"minecraft:salmon":2,"minecraft:white_wool":5,"minecraft:crafting_table":23,"minecraft:white_bed":6,"minecraft:smoker":2,"minecraft:brown_wool":1,"minecraft:iron_pickaxe":127,"minecraft:stone_axe":38,"minecraft:wooden_sword":42,"minecraft:cobblestone":13,"minecraft:cooked_porkchop":2,"minecraft:bucket":3},"minecraft:killed_by":{"minecraft:creeper":3,"minecraft:spider":1,"minecraft:skeleton":2,"minecraft:zombie":1,"vampirism:vampire":5},"minecraft:custom":{"minecraft:mob_kills":94,"minecraft:interact_with_crafting_table":55,"minecraft:damage_dealt_resisted":12,"minecraft:leave_game":4,"minecraft:time_since_death":74444,"minecraft:damage_resisted":8,"minecraft:climb_one_cm":1027,"minecraft:sprint_one_cm":525426,"minecraft:walk_one_cm":777193,"minecraft:damage_blocked_by_shield":3860,"minecraft:drop":21,"minecraft:deaths":12,"minecraft:sneak_time":1489,"minecraft:walk_under_water_one_cm":23538,"minecraft:jump":3096,"minecraft:walk_on_water_one_cm":72688,"minecraft:interact_with_furnace":62,"minecraft:play_one_minute":240832,"minecraft:sleep_in_bed":6,"minecraft:time_since_rest":59396,"minecraft:damage_taken":4986,"minecraft:damage_dealt":9416,"minecraft:swim_one_cm":64773,"minecraft:fly_one_cm":289776,"minecraft:open_chest":4,"minecraft:crouch_one_cm":2106,"minecraft:interact_with_smoker":12,"minecraft:fall_one_cm":49119},"minecraft:mined":{"minecraft:white_bed":6,"vampirism:altar_inspiration":3,"minecraft:dark_oak_log":12,"minecraft:granite":4,"minecraft:acacia_log":2,"minecraft:grass_block":34,"minecraft:spruce_leaves":2,"minecraft:hay_block":2,"minecraft:tall_seagrass":1,"minecraft:furnace":13,"minecraft:iron_ore":74,"minecraft:andesite":3,"minecraft:stone":182,"minecraft:white_wool":3,"minecraft:smoker":2,"minecraft:stone_brick_slab":1,"minecraft:crafting_table":21,"minecraft:torch":16,"minecraft:cobblestone":4,"minecraft:tall_grass":8,"minecraft:lily_pad":1,"minecraft:sugar_cane":10,"minecraft:oak_planks":3,"minecraft:diorite":4,"minecraft:wall_torch":1,"minecraft:birch_log":16,"minecraft:lilac":1,"minecraft:grass":41,"minecraft:oak_log":28,"minecraft:coal_ore":135,"minecraft:sand":10,"minecraft:gravel":2,"minecraft:dirt":39,"minecraft:stone_bricks":17,"minecraft:oak_leaves":8},"minecraft:picked_up":{"minecraft:wooden_axe":2,"minecraft:charcoal":3,"minecraft:iron_chestplate":3,"minecraft:crafting_table":30,"minecraft:chicken":5,"minecraft:wooden_pickaxe":5,"minecraft:shield":2,"minecraft:string":14,"minecraft:wooden_sword":2,"minecraft:iron_leggings":3,"minecraft:experience_bottle":2,"minecraft:beef":38,"minecraft:iron_pickaxe":1,"minecraft:sugar_cane":26,"minecraft:egg":5,"minecraft:iron_boots":3,"minecraft:furnace":18,"minecraft:stick":6,"minecraft:stone":7,"minecraft:torch":128,"minecraft:acacia_log":2,"minecraft:fire_charge":2,"sophisticatedbackpacks:backpack":2,"minecraft:porkchop":8,"minecraft:diorite":4,"minecraft:arrow":4,"minecraft:stone_sword":3,"vampirism:blood_bottle":2,"minecraft:rotten_flesh":22,"vampirism:altar_inspiration":3,"minecraft:hay_block":2,"minecraft:mutton":20,"minecraft:cobblestone":277,"minecraft:white_wool":24,"minecraft:birch_log":16,"minecraft:feather":2,"minecraft:cooked_beef":29,"minecraft:water_bucket":1,"minecraft:andesite":3,"minecraft:salmon":9,"minecraft:leather":13,"minecraft:brown_wool":3,"minecraft:smoker":2,"minecraft:potato":2,"minecraft:oak_log":30,"minecraft:lily_pad":1,"minecraft:gunpowder":2,"minecraft:dirt":138,"minecraft:white_banner":1,"minecraft:cooked_mutton":8,"minecraft:glass":15,"minecraft:stone_bricks":12,"minecraft:wheat_seeds":5,"minecraft:iron_ingot":30,"minecraft:stone_pickaxe":1,"minecraft:iron_ore":101,"minecraft:iron_sword":1,"minecraft:oak_planks":32,"minecraft:stone_brick_slab":1,"minecraft:gravel":4,"minecraft:sand":10,"minecraft:ink_sac":3,"minecraft:white_bed":8,"minecraft:dark_oak_log":10,"minecraft:spider_eye":1,"vampiresneedumbrellas:white_iron_umbrella":2,"minecraft:stone_axe":2,"minecraft:iron_helmet":1,"minecraft:granite":7,"minecraft:oak_sapling":3,"minecraft:black_wool":2,"minecraft:coal":525},"minecraft:crafted":{"minecraft:wooden_sword":1,"minecraft:oak_planks":128,"vampiresneedumbrellas:iron_umbrella_rod":4,"minecraft:cooked_chicken":5,"minecraft:furnace":3,"minecraft:stone":15,"minecraft:white_carpet":6,"minecraft:cooked_mutton":9,"minecraft:iron_boots":1,"vampirism:altar_inspiration":1,"minecraft:stone_pickaxe":3,"minecraft:chest":1,"minecraft:stone_bricks":4,"minecraft:wheat":18,"minecraft:smoker":1,"minecraft:cooked_beef":13,"minecraft:glass_bottle":6,"sophisticatedbackpacks:backpack":1,"minecraft:cooked_porkchop":8,"minecraft:crafting_table":3,"minecraft:wooden_pickaxe":2,"minecraft:iron_helmet":1,"minecraft:iron_sword":1,"vampiresneedumbrellas:white_iron_umbrella":2,"minecraft:bucket":1,"minecraft:birch_planks":64,"minecraft:stone_axe":1,"minecraft:air":0,"vampirism:altar_pillar":2,"minecraft:iron_chestplate":1,"minecraft:charcoal":9,"minecraft:shield":2,"minecraft:stick":168,"minecraft:iron_ingot":55,"minecraft:iron_pickaxe":1,"minecraft:wooden_axe":2,"minecraft:stone_sword":3,"minecraft:iron_leggings":1,"minecraft:white_bed":2,"vampirism:blood_container":1,"minecraft:acacia_planks":8,"minecraft:torch":148}},"DataVersion":2586}