{"stats":{"minecraft:killed_by":{"minecraft:creeper":3,"minecraft:spider":1,"minecraft:skeleton":2,"minecraft:zombie":3,"vampirism:vampire":5},"minecraft:custom":{"minecraft:mob_kills":102,"minecraft:interact_with_crafting_table":66,"minecraft:damage_dealt_resisted":12,"minecraft:leave_game":8,"minecraft:time_since_death":3697,"minecraft:climb_one_cm":3407,"minecraft:damage_resisted":8,"minecraft:sprint_one_cm":629769,"minecraft:walk_one_cm":948577,"minecraft:damage_blocked_by_shield":4500,"minecraft:drop":86,"minecraft:deaths":14,"minecraft:sneak_time":1593,"minecraft:walk_under_water_one_cm":28458,"minecraft:jump":3902,"minecraft:walk_on_water_one_cm":92447,"minecraft:interact_with_furnace":75,"minecraft:play_one_minute":290172,"minecraft:raid_trigger":1,"minecraft:sleep_in_bed":8,"minecraft:time_since_rest":3726,"minecraft:waystone_activated":1,"minecraft:damage_taken":205837,"minecraft:damage_dealt":10435,"minecraft:swim_one_cm":87586,"minecraft:fly_one_cm":376241,"minecraft:open_chest":5,"minecraft:crouch_one_cm":2175,"minecraft:interact_with_smoker":12,"minecraft:fall_one_cm":69329},"minecraft:dropped":{"minecraft:wheat_seeds":3,"minecraft:cooked_beef":10,"minecraft:cooked_porkchop":6,"minecraft:apple":3,"minecraft:ink_sac":3,"minecraft:torch":5,"minecraft:mutton":9,"minecraft:lily_pad":1,"minecraft:stone_brick_slab":1,"minecraft:cooked_chicken":5,"minecraft:stone_sword":1,"minecraft:rotten_flesh":11,"minecraft:white_bed":1,"minecraft:salmon":7,"minecraft:potato":1,"minecraft:andesite":1,"minecraft:oak_sapling":1,"minecraft:stone_pickaxe":1,"minecraft:beef":17,"minecraft:wooden_pickaxe":1,"minecraft:egg":4},"minecraft:mined":{"minecraft:white_bed":9,"vampirism:altar_inspiration":4,"minecraft:dark_oak_log":12,"minecraft:granite":4,"minecraft:acacia_log":2,"minecraft:grass_block":37,"minecraft:spruce_leaves":47,"minecraft:hay_block":23,"minecraft:tall_seagrass":1,"minecraft:furnace":14,"minecraft:iron_ore":80,"minecraft:andesite":5,"vampirism:church_altar":1,"minecraft:stone":243,"minecraft:white_wool":3,"minecraft:smoker":2,"minecraft:stone_brick_slab":1,"minecraft:crafting_table":23,"minecraft:torch":16,"minecraft:tall_grass":8,"minecraft:cobblestone":4,"minecraft:lily_pad":1,"minecraft:sugar_cane":10,"minecraft:oak_planks":3,"minecraft:diorite":4,"minecraft:wall_torch":1,"minecraft:birch_log":16,"minecraft:lilac":1,"minecraft:grass":42,"minecraft:oak_log":28,"minecraft:coal_ore":136,"minecraft:gravel":2,"minecraft:sand":10,"minecraft:dirt":45,"minecraft:stone_bricks":17,"minecraft:oak_leaves":8,"minecraft:fern":1},"minecraft:killed":{"vampirism:vampire":1,"vampirism:advanced_vampire":1,"minecraft:spider":7,"minecraft:slime":4,"minecraft:skeleton":2,"minecraft:chicken":5,"minecraft:pig":2,"minecraft:zombie_villager":1,"minecraft:salmon":11,"minecraft:sheep":13,"minecraft:pillager":7,"minecraft:zombie":13,"minecraft:cow":10},"minecraft:used":{"minecraft:stone_sword":171,"minecraft:shield":136,"minecraft:stone":7,"minecraft:iron_sword":135,"minecraft:torch":89,"minecraft:dirt":99,"minecraft:wooden_axe":32,"minecraft:oak_sapling":1,"minecraft:furnace":15,"minecraft:egg":5,"minecraft:cooked_beef":11,"minecraft:cooked_mutton":8,"minecraft:water_bucket":2,"minecraft:diorite":4,"vampirism:altar_inspiration":4,"minecraft:oak_planks":5,"minecraft:stone_pickaxe":230,"minecraft:wooden_pickaxe":90,"minecraft:white_wool":6,"minecraft:salmon":2,"minecraft:crafting_table":25,"minecraft:white_bed":9,"minecraft:smoker":2,"minecraft:iron_pickaxe":201,"minecraft:brown_wool":1,"minecraft:stone_axe":41,"minecraft:wooden_sword":42,"minecraft:cobblestone":47,"minecraft:cooked_porkchop":2,"minecraft:bucket":3},"minecraft:crafted":{"minecraft:wooden_sword":1,"minecraft:oak_planks":128,"vampiresneedumbrellas:iron_umbrella_rod":4,"minecraft:cooked_chicken":5,"minecraft:furnace":3,"minecraft:stone":51,"minecraft:white_carpet":6,"minecraft:cooked_mutton":9,"minecraft:iron_boots":1,"vampirism:altar_inspiration":1,"minecraft:stone_pickaxe":3,"minecraft:chest":1,"minecraft:stone_bricks":48,"minecraft:smoker":1,"minecraft:wheat":18,"minecraft:cooked_beef":13,"minecraft:glass_bottle":6,"sophisticatedbackpacks:backpack":1,"minecraft:cooked_porkchop":8,"minecraft:crafting_table":3,"minecraft:wooden_pickaxe":2,"minecraft:iron_helmet":1,"minecraft:iron_sword":1,"vampiresneedumbrellas:white_iron_umbrella":2,"minecraft:bucket":1,"minecraft:birch_planks":64,"minecraft:stone_axe":1,"minecraft:air":0,"vampirism:altar_pillar":12,"minecraft:iron_chestplate":1,"minecraft:charcoal":9,"minecraft:shield":2,"minecraft:stick":168,"minecraft:iron_ingot":57,"minecraft:iron_pickaxe":1,"minecraft:wooden_axe":2,"minecraft:stone_sword":3,"minecraft:iron_block":3,"minecraft:iron_leggings":1,"minecraft:white_bed":2,"vampirism:blood_container":1,"minecraft:acacia_planks":8,"minecraft:torch":148},"minecraft:picked_up":{"minecraft:wooden_axe":2,"minecraft:charcoal":3,"minecraft:crafting_table":33,"minecraft:iron_chestplate":4,"minecraft:wheat":32,"minecraft:chicken":5,"minecraft:wooden_pickaxe":5,"minecraft:shield":3,"minecraft:string":14,"minecraft:wooden_sword":2,"minecraft:iron_leggings":4,"minecraft:experience_bottle":4,"minecraft:beef":55,"minecraft:iron_pickaxe":2,"minecraft:sugar_cane":36,"minecraft:furnace":20,"minecraft:iron_boots":4,"minecraft:egg":13,"minecraft:stick":8,"minecraft:stone":11,"minecraft:torch":189,"minecraft:acacia_log":2,"sophisticatedbackpacks:backpack":3,"minecraft:fire_charge":2,"minecraft:porkchop":8,"minecraft:diorite":4,"minecraft:stone_sword":3,"minecraft:arrow":6,"vampirism:blood_bottle":4,"minecraft:rotten_flesh":25,"vampirism:altar_inspiration":5,"minecraft:hay_block":22,"minecraft:iron_block":3,"minecraft:mutton":22,"minecraft:white_wool":25,"minecraft:cobblestone":392,"minecraft:birch_log":16,"minecraft:feather":2,"minecraft:cooked_beef":39,"minecraft:andesite":6,"minecraft:water_bucket":2,"minecraft:salmon":9,"minecraft:brown_wool":3,"minecraft:leather":13,"minecraft:smoker":2,"minecraft:potato":2,"minecraft:oak_log":30,"minecraft:lily_pad":1,"minecraft:gunpowder":2,"minecraft:dirt":156,"minecraft:white_banner":2,"minecraft:cooked_mutton":8,"minecraft:bone":2,"minecraft:glass":15,"vampirism:church_altar":1,"minecraft:apple":3,"minecraft:stone_bricks":12,"minecraft:wheat_seeds":6,"vampirism:altar_pillar":14,"minecraft:cooked_chicken":5,"minecraft:stone_pickaxe":2,"minecraft:iron_ingot":32,"minecraft:iron_ore":107,"minecraft:glass_bottle":5,"minecraft:iron_sword":2,"minecraft:oak_planks":47,"minecraft:stone_brick_slab":1,"minecraft:gravel":4,"minecraft:sand":10,"minecraft:spruce_sapling":2,"minecraft:ink_sac":3,"minecraft:white_bed":12,"minecraft:dark_oak_log":10,"minecraft:spider_eye":2,"vampiresneedumbrellas:white_iron_umbrella":4,"minecraft:slime_ball":4,"minecraft:stone_axe":3,"minecraft:iron_helmet":2,"minecraft:crossbow":1,"minecraft:granite":7,"minecraft:oak_sapling":3,"minecraft:black_wool":2,"minecraft:coal":627},"minecraft:broken":{"minecraft:wooden_pickaxe":1,"minecraft:stone_pickaxe":1,"minecraft:shield":2}},"DataVersion":2586}