{"stats":{"minecraft:mined":{"minecraft:stone_pressure_plate":1,"minecraft:white_bed":1,"minecraft:obsidian":1,"minecraft:granite":8,"minecraft:acacia_log":19,"minecraft:grass_block":19,"vampirism:vampire_orchid":1,"minecraft:sandstone":10,"minecraft:hay_block":13,"minecraft:tall_seagrass":6,"minecraft:furnace":2,"minecraft:iron_ore":66,"minecraft:fire":7,"minecraft:chiseled_sandstone":1,"minecraft:andesite":3,"vampirism:tent":2,"minecraft:gold_block":1,"minecraft:enchanting_table":1,"minecraft:stone":408,"minecraft:green_bed":2,"minecraft:cut_sandstone":8,"minecraft:orange_terracotta":1,"minecraft:stone_brick_slab":1,"minecraft:crafting_table":4,"minecraft:poppy":2,"minecraft:chest":1,"minecraft:beacon":1,"minecraft:dead_bush":7,"minecraft:nether_quartz_ore":7,"minecraft:tall_grass":18,"minecraft:cobblestone":5,"minecraft:sugar_cane":7,"minecraft:seagrass":1,"vampirism:cursed_roots":1,"minecraft:tnt":9,"minecraft:stone_brick_stairs":1,"minecraft:grass":69,"minecraft:oak_log":5,"minecraft:coal_ore":7,"minecraft:gravel":12,"minecraft:sand":35,"minecraft:dirt":20,"minecraft:cobweb":5,"minecraft:acacia_planks":2,"minecraft:stone_bricks":1,"minecraft:netherrack":75,"minecraft:mossy_stone_bricks":1,"minecraft:oak_leaves":3,"minecraft:emerald_block":9},"minecraft:crafted":{"minecraft:oak_planks":24,"minecraft:stone_shovel":1,"minecraft:furnace":1,"minecraft:flint_and_steel":1,"minecraft:stone_pickaxe":1,"minecraft:chest":3,"sophisticatedbackpacks:iron_backpack":1,"minecraft:wheat":108,"sophisticatedbackpacks:backpack":1,"minecraft:cooked_porkchop":11,"minecraft:crafting_table":2,"minecraft:wooden_pickaxe":1,"minecraft:iron_sword":1,"minecraft:bucket":1,"minecraft:bread":36,"minecraft:air":0,"minecraft:shield":1,"minecraft:stick":24,"minecraft:iron_ingot":23,"minecraft:iron_pickaxe":1,"minecraft:stone_sword":1,"minecraft:white_bed":1,"minecraft:acacia_planks":60,"minecraft:torch":48},"minecraft:custom":{"minecraft:interact_with_anvil":3,"minecraft:mob_kills":73,"minecraft:interact_with_crafting_table":25,"minecraft:bell_ring":9,"minecraft:damage_dealt_resisted":99,"minecraft:leave_game":2,"minecraft:time_since_death":47206,"minecraft:climb_one_cm":66,"minecraft:sprint_one_cm":391323,"minecraft:walk_one_cm":388674,"minecraft:damage_blocked_by_shield":1685,"minecraft:drop":171,"minecraft:talked_to_villager":3,"minecraft:deaths":1,"minecraft:sneak_time":432,"minecraft:walk_under_water_one_cm":13915,"minecraft:jump":3456,"minecraft:walk_on_water_one_cm":26107,"minecraft:interact_with_furnace":14,"minecraft:play_one_minute":159424,"minecraft:sleep_in_bed":4,"minecraft:time_since_rest":47233,"minecraft:waystone_activated":6,"minecraft:damage_taken":3558,"minecraft:open_enderchest":9,"minecraft:damage_absorbed":120,"minecraft:damage_dealt":11791,"minecraft:swim_one_cm":10289,"minecraft:fly_one_cm":648865,"minecraft:open_chest":103,"minecraft:crouch_one_cm":916,"minecraft:fall_one_cm":91770},"minecraft:killed_by":{"minecraft:creeper":1},"minecraft:dropped":{"arthas_rpg_arms:instant_repair_kit":1,"minecraft:water_bucket":1,"minecraft:iron_sword":2,"arthas_rpg_arms:creeping_totem":1,"arthas_rpg_arms:ebonite_leggings":1,"minecraft:cooked_porkchop":1,"arthas_rpg_arms:guardian_boots":1,"minecraft:cobblestone":344,"arthas_rpg_arms:guardian_leggings":1,"sophisticatedbackpacks:gold_backpack":1,"minecraft:oxeye_daisy":1,"minecraft:cobweb":6,"minecraft:torch":1,"arthas_rpg_arms:ominous_horn":1,"arthas_rpg_arms:ebonite_helmet":1,"minecraft:iron_pickaxe":2,"minecraft:sugar_cane":8,"minecraft:stone_sword":2,"minecraft:black_carpet":1,"arthas_rpg_arms:guardian_helmet":2,"arthas_rpg_arms:spiked_shield":1,"arthas_rpg_arms:discord_cape_chestplate":1,"arthas_rpg_arms:blowgun":1,"arthas_rpg_arms:skulk_hammer":1,"minecraft:iron_boots":1,"sophisticatedbackpacks:backpack":1,"vampiresneedumbrellas:white_diamond_umbrella":1,"arthas_rpg_arms:aetheric_scythe":1,"arthas_rpg_arms:devoid_chestplate":1,"arthas_rpg_arms:steel_mace":1,"minecraft:diamond_pickaxe":1,"minecraft:iron_chestplate":1,"arthas_rpg_arms:guardian_chestplate":1,"minecraft:iron_ore":126,"arthas_rpg_arms:ebonite_axe":1,"sophisticatedbackpacks:iron_backpack":1},"minecraft:picked_up":{"sophisticatedbackpacks:gold_backpack":1,"minecraft:iron_chestplate":1,"minecraft:coarse_dirt":4,"minecraft:crafting_table":4,"minecraft:black_carpet":1,"arthas_rpg_arms:skywarp":1,"arthas_rpg_arms:ring_of_stamina":1,"arthas_rpg_arms:aetheric_leggings":1,"minecraft:gold_block":1,"minecraft:enchanted_book":1,"minecraft:stone_brick_stairs":1,"arthas_rpg_arms:ebonite_axe":1,"minecraft:string":29,"arthas_rpg_arms:guardian_leggings":2,"arthas_rpg_arms:devoid_boots":1,"minecraft:iron_leggings":1,"arthas_rpg_arms:guardian_chestplate":1,"arthas_rpg_arms:the_axe_of_quiet":3,"arthas_rpg_arms:steel_mace":2,"minecraft:beef":9,"minecraft:poppy":8,"minecraft:iron_pickaxe":2,"minecraft:sugar_cane":13,"minecraft:chest":1,"minecraft:furnace":2,"arthas_rpg_arms:throwing_star":4,"minecraft:iron_boots":2,"minecraft:egg":3,"arthas_rpg_arms:creeping_totem":3,"minecraft:stick":11,"minecraft:sandstone":9,"vampiresneedumbrellas:white_diamond_umbrella":1,"minecraft:torch":25,"minecraft:acacia_log":19,"minecraft:green_bed":3,"sophisticatedbackpacks:backpack":1,"minecraft:porkchop":18,"arthas_rpg_arms:spiked_shield":2,"vampirism:vampire_fang":1,"minecraft:carrot":1,"arthas_rpg_arms:blowgun":2,"minecraft:stone_sword":2,"minecraft:arrow":18,"minecraft:rotten_flesh":49,"arthas_rpg_arms:ebonite_pickaxe":1,"arthas_rpg_arms:ebonite_leggings":2,"arthas_rpg_arms:skulk_hammer":1,"minecraft:hay_block":12,"arthas_rpg_arms:guardian_helmet":2,"arthas_rpg_arms:guardian_boots":1,"minecraft:obsidian":9,"minecraft:mutton":7,"minecraft:white_wool":4,"minecraft:cobblestone":401,"minecraft:oxeye_daisy":2,"minecraft:enchanting_table":1,"minecraft:magma_block":1,"vampirism:item_tent":2,"minecraft:water_bucket":2,"minecraft:andesite":8,"arthas_rpg_arms:discord_cape_chestplate":2,"minecraft:cut_sandstone":4,"minecraft:leather":6,"minecraft:golden_leggings":1,"minecraft:beacon":1,"minecraft:flint":1,"minecraft:oak_log":6,"minecraft:chainmail_chestplate":1,"arthas_rpg_arms:aetheric_scythe":1,"minecraft:dirt":40,"arthas_rpg_arms:ebonite_helmet":2,"minecraft:orange_terracotta":1,"arthas_rpg_arms:instant_repair_kit":2,"minecraft:leather_boots":1,"minecraft:bone":19,"minecraft:acacia_planks":6,"minecraft:apple":1,"minecraft:stone_bricks":1,"minecraft:bow":6,"minecraft:wheat_seeds":19,"minecraft:iron_ingot":3,"minecraft:cobweb":12,"minecraft:iron_ore":191,"minecraft:mossy_stone_bricks":1,"arthas_rpg_arms:lightning_sword":1,"minecraft:glass_bottle":2,"minecraft:glowstone_dust":28,"minecraft:iron_sword":2,"arthas_rpg_arms:devoid_chestplate":2,"minecraft:emerald_block":9,"minecraft:cooked_porkchop":2,"minecraft:stone_brick_slab":2,"minecraft:quartz":7,"minecraft:gravel":11,"minecraft:sand":53,"arthas_rpg_arms:ebonite_sword":2,"sophisticatedbackpacks:iron_backpack":2,"minecraft:chiseled_sandstone":1,"minecraft:spider_eye":6,"arthas_rpg_arms:weather_cycler":1,"arthas_rpg_arms:soul_scythe":1,"minecraft:chainmail_leggings":1,"minecraft:granite":10,"minecraft:crossbow":1,"minecraft:gray_wool":1,"minecraft:golden_apple":16,"arthas_rpg_arms:ominous_horn":2,"minecraft:bread":10,"vampirism:vampire_orchid":1,"minecraft:oak_sapling":2,"minecraft:netherrack":82,"minecraft:coal":12,"minecraft:diamond_pickaxe":1,"minecraft:ender_pearl":2},"minecraft:used":{"arthas_rpg_arms:excalibur":8,"minecraft:stone_sword":41,"minecraft:enchanting_table":1,"minecraft:flint_and_steel":1,"minecraft:stone_shovel":33,"minecraft:chest":3,"minecraft:shield":12,"minecraft:iron_sword":79,"minecraft:rotten_flesh":5,"minecraft:torch":29,"minecraft:netherrack":26,"minecraft:dirt":13,"minecraft:carrot":2,"minecraft:granite":6,"vampirism:item_tent":1,"minecraft:lava_bucket":10,"arthas_rpg_arms:ebonite_pickaxe":554,"minecraft:bow":3,"minecraft:oak_sapling":2,"minecraft:furnace":2,"minecraft:acacia_planks":3,"minecraft:water_bucket":14,"arthas_rpg_arms:lightning_sword":16,"minecraft:stone_pickaxe":44,"minecraft:ender_pearl":1,"minecraft:wooden_pickaxe":9,"minecraft:sugar_cane":5,"minecraft:green_bed":2,"minecraft:golden_apple":4,"arthas_rpg_arms:ebonite_sword":82,"minecraft:sand":15,"minecraft:crafting_table":5,"minecraft:white_bed":1,"minecraft:apple":1,"minecraft:bread":48,"minecraft:iron_pickaxe":56,"arthas_rpg_arms:soul_scythe":53,"minecraft:gravel":11,"minecraft:cobblestone":26,"minecraft:cooked_porkchop":12,"minecraft:andesite":6,"minecraft:bucket":25,"arthas_rpg_arms:the_axe_of_quiet":19,"minecraft:cobweb":5},"minecraft:killed":{"minecraft:witch":1,"minecraft:spider":10,"minecraft:skeleton":8,"minecraft:husk":3,"minecraft:pig":7,"vampirism:hunter":2,"minecraft:sheep":5,"minecraft:zombie":21,"minecraft:ghast":1,"minecraft:enderman":2,"minecraft:cow":7}},"DataVersion":2586}