{"stats":{"minecraft:custom":{"minecraft:jump":99,"minecraft:time_since_rest":4383,"minecraft:crouch_one_cm":1016,"minecraft:play_one_minute":4383,"minecraft:leave_game":1,"minecraft:sprint_one_cm":9604,"minecraft:walk_on_water_one_cm":2295,"minecraft:time_since_death":4383,"minecraft:walk_one_cm":1884,"minecraft:sneak_time":283,"minecraft:climb_one_cm":52,"minecraft:walk_under_water_one_cm":1232,"minecraft:swim_one_cm":2903,"minecraft:fall_one_cm":2531,"minecraft:fly_one_cm":19552},"minecraft:mined":{"minecraft:grass":1}},"DataVersion":2586}